2026-01-14T23:44:15.920Z info: Server listening on port 3000
2026-01-14T23:44:15.931Z info: Base SQLite connectée avec succès
2026-01-14T23:57:03.038Z info: Server listening on port 3000
2026-01-14T23:57:03.055Z info: Base SQLite connectée avec succès
2026-01-14T23:57:21.881Z info: GET /swagger.json 404 2.953 ms -
2026-01-14T23:57:33.099Z info: GET /api-docs.json 404 0.575 ms -
2026-01-14T23:57:42.062Z info: GET /v3/api-docs 404 0.318 ms -
2026-01-14T23:57:53.187Z info: GET /api-docs 301 2.600 ms -
2026-01-14T23:57:53.194Z info: GET /api-docs/ 200 1.695 ms -
2026-01-14T23:58:49.038Z info: GET /api-docs 301 0.618 ms -
2026-01-14T23:58:49.043Z info: GET /api-docs/ 200 1.269 ms -
2026-01-14T23:58:55.507Z info: GET /api-docs 301 0.415 ms -
2026-01-14T23:58:55.511Z info: GET /api-docs/ 200 1.075 ms -
2026-01-14T23:58:59.607Z info: GET /swagger.json 404 0.354 ms -
2026-01-14T23:59:02.207Z info: GET /api-docs.json 404 0.764 ms -
2026-01-14T23:59:04.451Z info: GET /v3/api-docs 404 0.459 ms -
2026-01-14T23:59:07.464Z info: GET /api-docs 301 0.854 ms -
2026-01-14T23:59:07.471Z info: GET /api-docs/ 200 1.633 ms -
2026-01-14T23:59:07.672Z info: GET /api-docs/swagger-ui-init.js 200 0.803 ms -
2026-01-14T23:59:07.684Z info: GET /api-docs/swagger-ui.css 200 19.846 ms -
2026-01-14T23:59:07.694Z info: GET /api-docs/swagger-ui-standalone-preset.js 200 19.608 ms -
2026-01-14T23:59:07.740Z info: GET /api-docs/swagger-ui-bundle.js 200 45.359 ms -
2026-01-15T13:19:12.660Z info: Server listening on port 3000
2026-01-15T13:19:12.670Z info: Base SQLite connectée avec succès
2026-01-15T13:22:06.799Z info: OPTIONS /auth/login 200 4.437 ms -
2026-01-15T13:22:21.035Z info: OPTIONS /auth/login 200 1.418 ms -
2026-01-15T13:22:32.552Z info: OPTIONS /auth/login 200 1.163 ms -
2026-01-15T13:23:00.433Z info: OPTIONS /auth/login 200 0.418 ms -
2026-01-15T13:24:14.973Z info: OPTIONS /auth/login 200 0.259 ms -
2026-01-15T13:24:18.549Z info: OPTIONS /auth/login 200 0.253 ms -
2026-01-15T13:31:22.650Z info: OPTIONS /auth/login 200 0.522 ms -
2026-01-15T13:32:39.045Z info: OPTIONS /auth/login 200 2.322 ms -
2026-01-15T13:32:45.731Z info: GET /api-docs/ 304 5.695 ms -
2026-01-15T13:32:45.765Z info: GET /api-docs/swagger-ui.css 304 3.184 ms -
2026-01-15T13:32:45.769Z info: GET /api-docs/swagger-ui-bundle.js 304 1.359 ms -
2026-01-15T13:32:45.773Z info: GET /api-docs/swagger-ui-init.js 304 1.053 ms -
2026-01-15T13:32:45.775Z info: GET /api-docs/swagger-ui-standalone-preset.js 304 6.494 ms -
2026-01-15T13:32:46.189Z info: GET /api-docs/favicon-32x32.png 304 1.266 ms -
2026-01-15T13:33:21.400Z info: ACTION login email=b@gmail.com userId=1
2026-01-15T13:33:21.403Z info: POST /auth/login 200 254.900 ms {"email":"b@gmail.com","password":"string"}
2026-01-15T13:33:55.759Z info: OPTIONS /auth/login 200 0.758 ms -
2026-01-15T13:35:20.671Z info: OPTIONS /auth/login 200 0.561 ms -
2026-01-15T13:35:45.700Z info: OPTIONS /auth/login 200 0.388 ms -
2026-01-15T13:35:49.016Z info: OPTIONS /auth/login 200 0.221 ms -
2026-01-15T13:37:43.437Z info: OPTIONS /auth/login 200 0.319 ms -
2026-01-15T13:37:55.241Z error: Error: Invalid credentials
    at Object.login (C:\Users\blachheb\Desktop\Projects\BiscuitImport\BiscuitImport_BK\src\services\auth.service.js:74:17)
    at async login (C:\Users\blachheb\Desktop\Projects\BiscuitImport\BiscuitImport_BK\src\controllers\auth.controller.js:19:18)
2026-01-15T13:37:55.243Z info: POST /auth/login 401 63.058 ms {"email":"b@gmail.com","password":"stringqq"}
2026-01-15T13:39:45.393Z info: ACTION login email=b@gmail.com userId=1
2026-01-15T13:39:45.396Z info: POST /auth/login 200 74.803 ms {"email":"b@gmail.com","password":"string"}
2026-01-15T13:41:08.092Z info: OPTIONS /auth/login 200 0.496 ms -
2026-01-15T13:41:36.106Z info: OPTIONS /auth/login 200 0.220 ms -
2026-01-15T13:42:07.538Z info: OPTIONS /auth/login 200 0.312 ms -
2026-01-15T13:42:18.908Z info: OPTIONS /auth/login 200 0.656 ms -
2026-01-15T13:47:39.260Z info: OPTIONS /auth/login 200 0.366 ms -
2026-01-15T13:47:57.362Z info: OPTIONS /auth/login 200 0.256 ms -
2026-01-15T13:48:22.562Z info: Server listening on port 3000
2026-01-15T13:48:22.606Z info: Base SQLite connectée avec succès
2026-01-15T13:51:03.704Z error: SyntaxError: "[object Object]" is not valid JSON
    at JSON.parse (<anonymous>)
    at parse (C:\Users\blachheb\Desktop\Projects\BiscuitImport\BiscuitImport_BK\node_modules\body-parser\lib\types\json.js:72:19)
    at C:\Users\blachheb\Desktop\Projects\BiscuitImport\BiscuitImport_BK\node_modules\body-parser\lib\read.js:162:18
    at AsyncResource.runInAsyncScope (node:async_hooks:206:9)
    at invokeCallback (C:\Users\blachheb\Desktop\Projects\BiscuitImport\BiscuitImport_BK\node_modules\raw-body\index.js:238:16)
    at done (C:\Users\blachheb\Desktop\Projects\BiscuitImport\BiscuitImport_BK\node_modules\raw-body\index.js:227:7)
    at IncomingMessage.onEnd (C:\Users\blachheb\Desktop\Projects\BiscuitImport\BiscuitImport_BK\node_modules\raw-body\index.js:287:7)
    at IncomingMessage.emit (node:events:524:28)
    at endReadableNT (node:internal/streams/readable:1698:12)
    at process.processTicksAndRejections (node:internal/process/task_queues:82:21)
2026-01-15T13:51:03.726Z info: POST /auth/login 500 143.056 ms -
2026-01-15T13:51:40.942Z error: Error: Email and password are required
    at Object.login (C:\Users\blachheb\Desktop\Projects\BiscuitImport\BiscuitImport_BK\src\services\auth.service.js:57:17)
    at login (C:\Users\blachheb\Desktop\Projects\BiscuitImport\BiscuitImport_BK\src\controllers\auth.controller.js:19:36)
    at Layer.handleRequest (C:\Users\blachheb\Desktop\Projects\BiscuitImport\BiscuitImport_BK\node_modules\router\lib\layer.js:152:17)
    at next (C:\Users\blachheb\Desktop\Projects\BiscuitImport\BiscuitImport_BK\node_modules\router\lib\route.js:157:13)
    at Route.dispatch (C:\Users\blachheb\Desktop\Projects\BiscuitImport\BiscuitImport_BK\node_modules\router\lib\route.js:117:3)
    at handle (C:\Users\blachheb\Desktop\Projects\BiscuitImport\BiscuitImport_BK\node_modules\router\index.js:435:11)
    at Layer.handleRequest (C:\Users\blachheb\Desktop\Projects\BiscuitImport\BiscuitImport_BK\node_modules\router\lib\layer.js:152:17)
    at C:\Users\blachheb\Desktop\Projects\BiscuitImport\BiscuitImport_BK\node_modules\router\index.js:295:15
    at processParams (C:\Users\blachheb\Desktop\Projects\BiscuitImport\BiscuitImport_BK\node_modules\router\index.js:582:12)
    at next (C:\Users\blachheb\Desktop\Projects\BiscuitImport\BiscuitImport_BK\node_modules\router\index.js:291:5)
2026-01-15T13:51:40.946Z info: POST /auth/login 400 5.931 ms {"username":"b@gmail.com","password":"ffff"}
2026-01-15T13:51:47.317Z error: Error: Email and password are required
    at Object.login (C:\Users\blachheb\Desktop\Projects\BiscuitImport\BiscuitImport_BK\src\services\auth.service.js:57:17)
    at login (C:\Users\blachheb\Desktop\Projects\BiscuitImport\BiscuitImport_BK\src\controllers\auth.controller.js:19:36)
    at Layer.handleRequest (C:\Users\blachheb\Desktop\Projects\BiscuitImport\BiscuitImport_BK\node_modules\router\lib\layer.js:152:17)
    at next (C:\Users\blachheb\Desktop\Projects\BiscuitImport\BiscuitImport_BK\node_modules\router\lib\route.js:157:13)
    at Route.dispatch (C:\Users\blachheb\Desktop\Projects\BiscuitImport\BiscuitImport_BK\node_modules\router\lib\route.js:117:3)
    at handle (C:\Users\blachheb\Desktop\Projects\BiscuitImport\BiscuitImport_BK\node_modules\router\index.js:435:11)
    at Layer.handleRequest (C:\Users\blachheb\Desktop\Projects\BiscuitImport\BiscuitImport_BK\node_modules\router\lib\layer.js:152:17)
    at C:\Users\blachheb\Desktop\Projects\BiscuitImport\BiscuitImport_BK\node_modules\router\index.js:295:15
    at processParams (C:\Users\blachheb\Desktop\Projects\BiscuitImport\BiscuitImport_BK\node_modules\router\index.js:582:12)
    at next (C:\Users\blachheb\Desktop\Projects\BiscuitImport\BiscuitImport_BK\node_modules\router\index.js:291:5)
2026-01-15T13:51:47.319Z info: POST /auth/login 400 2.019 ms {"username":"b@gmail.com","password":"string"}
2026-01-15T13:51:48.976Z error: Error: Email and password are required
    at Object.login (C:\Users\blachheb\Desktop\Projects\BiscuitImport\BiscuitImport_BK\src\services\auth.service.js:57:17)
    at login (C:\Users\blachheb\Desktop\Projects\BiscuitImport\BiscuitImport_BK\src\controllers\auth.controller.js:19:36)
    at Layer.handleRequest (C:\Users\blachheb\Desktop\Projects\BiscuitImport\BiscuitImport_BK\node_modules\router\lib\layer.js:152:17)
    at next (C:\Users\blachheb\Desktop\Projects\BiscuitImport\BiscuitImport_BK\node_modules\router\lib\route.js:157:13)
    at Route.dispatch (C:\Users\blachheb\Desktop\Projects\BiscuitImport\BiscuitImport_BK\node_modules\router\lib\route.js:117:3)
    at handle (C:\Users\blachheb\Desktop\Projects\BiscuitImport\BiscuitImport_BK\node_modules\router\index.js:435:11)
    at Layer.handleRequest (C:\Users\blachheb\Desktop\Projects\BiscuitImport\BiscuitImport_BK\node_modules\router\lib\layer.js:152:17)
    at C:\Users\blachheb\Desktop\Projects\BiscuitImport\BiscuitImport_BK\node_modules\router\index.js:295:15
    at processParams (C:\Users\blachheb\Desktop\Projects\BiscuitImport\BiscuitImport_BK\node_modules\router\index.js:582:12)
    at next (C:\Users\blachheb\Desktop\Projects\BiscuitImport\BiscuitImport_BK\node_modules\router\index.js:291:5)
2026-01-15T13:51:48.980Z info: POST /auth/login 400 2.059 ms {"username":"b@gmail.com","password":"string"}
2026-01-15T13:53:11.481Z info: ACTION login email=b@gmail.com userId=1
2026-01-15T13:53:11.482Z info: POST /auth/login 200 110.270 ms {"email":"b@gmail.com","password":"string"}
2026-01-15T13:53:20.426Z error: Error: Email and password are required
    at Object.login (C:\Users\blachheb\Desktop\Projects\BiscuitImport\BiscuitImport_BK\src\services\auth.service.js:57:17)
    at login (C:\Users\blachheb\Desktop\Projects\BiscuitImport\BiscuitImport_BK\src\controllers\auth.controller.js:19:36)
    at Layer.handleRequest (C:\Users\blachheb\Desktop\Projects\BiscuitImport\BiscuitImport_BK\node_modules\router\lib\layer.js:152:17)
    at next (C:\Users\blachheb\Desktop\Projects\BiscuitImport\BiscuitImport_BK\node_modules\router\lib\route.js:157:13)
    at Route.dispatch (C:\Users\blachheb\Desktop\Projects\BiscuitImport\BiscuitImport_BK\node_modules\router\lib\route.js:117:3)
    at handle (C:\Users\blachheb\Desktop\Projects\BiscuitImport\BiscuitImport_BK\node_modules\router\index.js:435:11)
    at Layer.handleRequest (C:\Users\blachheb\Desktop\Projects\BiscuitImport\BiscuitImport_BK\node_modules\router\lib\layer.js:152:17)
    at C:\Users\blachheb\Desktop\Projects\BiscuitImport\BiscuitImport_BK\node_modules\router\index.js:295:15
    at processParams (C:\Users\blachheb\Desktop\Projects\BiscuitImport\BiscuitImport_BK\node_modules\router\index.js:582:12)
    at next (C:\Users\blachheb\Desktop\Projects\BiscuitImport\BiscuitImport_BK\node_modules\router\index.js:291:5)
2026-01-15T13:53:20.429Z info: POST /auth/login 400 1.743 ms {"username":"b@gmail.com","password":"string"}
2026-01-15T13:53:41.148Z error: Error: Email and password are required
    at Object.login (C:\Users\blachheb\Desktop\Projects\BiscuitImport\BiscuitImport_BK\src\services\auth.service.js:57:17)
    at login (C:\Users\blachheb\Desktop\Projects\BiscuitImport\BiscuitImport_BK\src\controllers\auth.controller.js:19:36)
    at Layer.handleRequest (C:\Users\blachheb\Desktop\Projects\BiscuitImport\BiscuitImport_BK\node_modules\router\lib\layer.js:152:17)
    at next (C:\Users\blachheb\Desktop\Projects\BiscuitImport\BiscuitImport_BK\node_modules\router\lib\route.js:157:13)
    at Route.dispatch (C:\Users\blachheb\Desktop\Projects\BiscuitImport\BiscuitImport_BK\node_modules\router\lib\route.js:117:3)
    at handle (C:\Users\blachheb\Desktop\Projects\BiscuitImport\BiscuitImport_BK\node_modules\router\index.js:435:11)
    at Layer.handleRequest (C:\Users\blachheb\Desktop\Projects\BiscuitImport\BiscuitImport_BK\node_modules\router\lib\layer.js:152:17)
    at C:\Users\blachheb\Desktop\Projects\BiscuitImport\BiscuitImport_BK\node_modules\router\index.js:295:15
    at processParams (C:\Users\blachheb\Desktop\Projects\BiscuitImport\BiscuitImport_BK\node_modules\router\index.js:582:12)
    at next (C:\Users\blachheb\Desktop\Projects\BiscuitImport\BiscuitImport_BK\node_modules\router\index.js:291:5)
2026-01-15T13:53:41.149Z info: POST /auth/login 400 1.233 ms {"username":"b@gmail.com","password":"string"}
2026-01-15T13:54:20.950Z info: Server listening on port 3000
2026-01-15T13:54:20.964Z info: Base SQLite connectée avec succès
2026-01-15T13:54:23.953Z error: Error: Email and password are required
    at Object.login (C:\Users\blachheb\Desktop\Projects\BiscuitImport\BiscuitImport_BK\src\services\auth.service.js:57:17)
    at login (C:\Users\blachheb\Desktop\Projects\BiscuitImport\BiscuitImport_BK\src\controllers\auth.controller.js:19:36)
    at Layer.handleRequest (C:\Users\blachheb\Desktop\Projects\BiscuitImport\BiscuitImport_BK\node_modules\router\lib\layer.js:152:17)
    at next (C:\Users\blachheb\Desktop\Projects\BiscuitImport\BiscuitImport_BK\node_modules\router\lib\route.js:157:13)
    at Route.dispatch (C:\Users\blachheb\Desktop\Projects\BiscuitImport\BiscuitImport_BK\node_modules\router\lib\route.js:117:3)
    at handle (C:\Users\blachheb\Desktop\Projects\BiscuitImport\BiscuitImport_BK\node_modules\router\index.js:435:11)
    at Layer.handleRequest (C:\Users\blachheb\Desktop\Projects\BiscuitImport\BiscuitImport_BK\node_modules\router\lib\layer.js:152:17)
    at C:\Users\blachheb\Desktop\Projects\BiscuitImport\BiscuitImport_BK\node_modules\router\index.js:295:15
    at processParams (C:\Users\blachheb\Desktop\Projects\BiscuitImport\BiscuitImport_BK\node_modules\router\index.js:582:12)
    at next (C:\Users\blachheb\Desktop\Projects\BiscuitImport\BiscuitImport_BK\node_modules\router\index.js:291:5)
2026-01-15T13:54:23.964Z info: POST /auth/login 400 59.987 ms {"username":"b@gmail.com","password":"string"}
2026-01-15T14:00:55.628Z error: Error: Email and password are required
    at Object.login (C:\Users\blachheb\Desktop\Projects\BiscuitImport\BiscuitImport_BK\src\services\auth.service.js:57:17)
    at login (C:\Users\blachheb\Desktop\Projects\BiscuitImport\BiscuitImport_BK\src\controllers\auth.controller.js:19:36)
    at Layer.handleRequest (C:\Users\blachheb\Desktop\Projects\BiscuitImport\BiscuitImport_BK\node_modules\router\lib\layer.js:152:17)
    at next (C:\Users\blachheb\Desktop\Projects\BiscuitImport\BiscuitImport_BK\node_modules\router\lib\route.js:157:13)
    at Route.dispatch (C:\Users\blachheb\Desktop\Projects\BiscuitImport\BiscuitImport_BK\node_modules\router\lib\route.js:117:3)
    at handle (C:\Users\blachheb\Desktop\Projects\BiscuitImport\BiscuitImport_BK\node_modules\router\index.js:435:11)
    at Layer.handleRequest (C:\Users\blachheb\Desktop\Projects\BiscuitImport\BiscuitImport_BK\node_modules\router\lib\layer.js:152:17)
    at C:\Users\blachheb\Desktop\Projects\BiscuitImport\BiscuitImport_BK\node_modules\router\index.js:295:15
    at processParams (C:\Users\blachheb\Desktop\Projects\BiscuitImport\BiscuitImport_BK\node_modules\router\index.js:582:12)
    at next (C:\Users\blachheb\Desktop\Projects\BiscuitImport\BiscuitImport_BK\node_modules\router\index.js:291:5)
2026-01-15T14:00:55.630Z info: POST /auth/login 400 2.393 ms {"username":"b@gmail.com","password":"string"}
2026-01-15T14:01:31.659Z info: Server listening on port 3000
2026-01-15T14:01:31.676Z info: Base SQLite connectée avec succès
2026-01-15T14:01:33.478Z error: Error: Email and password are required
    at Object.login (C:\Users\blachheb\Desktop\Projects\BiscuitImport\BiscuitImport_BK\src\services\auth.service.js:58:17)
    at login (C:\Users\blachheb\Desktop\Projects\BiscuitImport\BiscuitImport_BK\src\controllers\auth.controller.js:19:36)
    at Layer.handleRequest (C:\Users\blachheb\Desktop\Projects\BiscuitImport\BiscuitImport_BK\node_modules\router\lib\layer.js:152:17)
    at next (C:\Users\blachheb\Desktop\Projects\BiscuitImport\BiscuitImport_BK\node_modules\router\lib\route.js:157:13)
    at Route.dispatch (C:\Users\blachheb\Desktop\Projects\BiscuitImport\BiscuitImport_BK\node_modules\router\lib\route.js:117:3)
    at handle (C:\Users\blachheb\Desktop\Projects\BiscuitImport\BiscuitImport_BK\node_modules\router\index.js:435:11)
    at Layer.handleRequest (C:\Users\blachheb\Desktop\Projects\BiscuitImport\BiscuitImport_BK\node_modules\router\lib\layer.js:152:17)
    at C:\Users\blachheb\Desktop\Projects\BiscuitImport\BiscuitImport_BK\node_modules\router\index.js:295:15
    at processParams (C:\Users\blachheb\Desktop\Projects\BiscuitImport\BiscuitImport_BK\node_modules\router\index.js:582:12)
    at next (C:\Users\blachheb\Desktop\Projects\BiscuitImport\BiscuitImport_BK\node_modules\router\index.js:291:5)
2026-01-15T14:01:33.481Z info: POST /auth/login 400 108.281 ms {"username":"b@gmail.com","password":"string"}
2026-01-15T14:03:05.593Z info: ACTION login email=b@gmail.com userId=1
2026-01-15T14:03:05.598Z info: POST /auth/login 200 228.225 ms {"email":"b@gmail.com","password":"string"}
2026-01-15T14:03:23.362Z info: ACTION login email=b@gmail.com userId=1
2026-01-15T14:03:23.363Z info: POST /auth/login 200 146.845 ms {"email":"b@gmail.com","password":"string"}
2026-01-15T14:03:31.931Z info: ACTION login email=b@gmail.com userId=1
2026-01-15T14:03:31.932Z info: POST /auth/login 200 120.835 ms {"email":"b@gmail.com","password":"string"}
2026-01-15T14:05:10.721Z info: ACTION login email=b@gmail.com userId=1
2026-01-15T14:05:10.728Z info: POST /auth/login 200 279.638 ms {"email":"b@gmail.com","password":"string"}
2026-01-15T14:06:31.626Z info: ACTION login email=b@gmail.com userId=1
2026-01-15T14:06:31.634Z info: POST /auth/login 200 236.310 ms {"email":"b@gmail.com","password":"string"}
2026-01-15T14:11:10.002Z info: ACTION login email=b@gmail.com userId=1
2026-01-15T14:11:10.008Z info: POST /auth/login 200 402.629 ms {"email":"b@gmail.com","password":"string"}
2026-01-15T14:43:20.363Z info: Server listening on port 3000
2026-01-15T14:43:20.376Z info: Base SQLite connectée avec succès
2026-01-15T14:44:00.932Z info: ACTION login email=b@gmail.com userId=1
2026-01-15T14:44:00.950Z info: POST /auth/login 200 680.106 ms {"email":"b@gmail.com","password":"string"}
2026-01-15T14:50:31.866Z info: Server listening on port 3000
2026-01-15T14:50:31.905Z info: Base SQLite connectée avec succès
2026-01-15T22:26:15.453Z info: Server listening on port 3000
2026-01-15T22:26:15.465Z info: Base SQLite connectée avec succès
2026-01-15T22:26:25.943Z info: ACTION login email=b@gmail.com userId=1
2026-01-15T22:26:25.952Z info: POST /auth/login 200 385.202 ms {"email":"b@gmail.com","password":"string"}
2026-01-15T22:26:49.397Z info: ACTION login email=b@gmail.com userId=1
2026-01-15T22:26:49.401Z info: POST /auth/login 200 140.888 ms {"email":"b@gmail.com","password":"string"}
2026-01-16T10:23:41.043Z info: Server listening on port 3000
2026-01-16T10:23:41.085Z info: Base SQLite connectée avec succès
2026-01-16T14:00:10.882Z info: ACTION login email=b@gmail.com userId=1
2026-01-16T14:00:10.913Z info: POST /auth/login 200 731.246 ms {"email":"b@gmail.com","password":"string"}
2026-01-16T14:16:15.761Z info: ACTION getAllProducts count=0 filter={} by=anonymous
2026-01-16T14:16:15.768Z info: GET /api/products 200 49.236 ms -
2026-01-16T14:16:15.779Z info: ACTION getAllCategories count=0 by=anonymous
2026-01-16T14:16:15.792Z info: GET /api/categories 200 38.650 ms -
2026-01-16T14:16:15.806Z info: ACTION getAllUsers by=1 count=7
2026-01-16T14:16:15.813Z info: GET /api/users 200 121.055 ms -
2026-01-16T14:16:15.821Z error: ReferenceError: logger is not defined
    at getByUser (C:\Users\blachheb\Desktop\Projects\BiscuitImport\BiscuitImport_BK\src\controllers\order.controller.js:48:5)
2026-01-16T14:16:15.829Z info: GET /api/orders 500 97.107 ms -
2026-01-16T14:16:15.841Z info: ACTION getAllProducts count=0 filter={} by=anonymous
2026-01-16T14:16:15.845Z info: GET /api/products 304 42.790 ms -
2026-01-16T14:16:15.862Z info: ACTION getAllCategories count=0 by=anonymous
2026-01-16T14:16:15.866Z info: GET /api/categories 304 27.797 ms -
2026-01-16T14:16:15.887Z info: ACTION getAllUsers by=1 count=7
2026-01-16T14:16:15.895Z info: GET /api/users 304 40.463 ms -
2026-01-16T14:16:15.910Z error: ReferenceError: logger is not defined
    at getByUser (C:\Users\blachheb\Desktop\Projects\BiscuitImport\BiscuitImport_BK\src\controllers\order.controller.js:48:5)
2026-01-16T14:16:15.928Z info: GET /api/orders 500 39.487 ms -
2026-01-16T14:16:32.769Z info: ACTION getAllProducts count=0 filter={} by=anonymous
2026-01-16T14:16:32.788Z info: GET /api/products 304 19.336 ms -
2026-01-16T14:16:33.400Z error: ReferenceError: logger is not defined
    at getByUser (C:\Users\blachheb\Desktop\Projects\BiscuitImport\BiscuitImport_BK\src\controllers\order.controller.js:48:5)
2026-01-16T14:16:33.556Z info: GET /api/orders 500 625.273 ms -
2026-01-16T14:16:33.643Z info: ACTION getAllUsers by=1 count=7
2026-01-16T14:16:33.769Z info: GET /api/users 304 703.906 ms -
2026-01-16T14:16:33.869Z info: ACTION getAllCategories count=0 by=anonymous
2026-01-16T14:16:34.051Z info: GET /api/categories 304 743.515 ms -
2026-01-16T14:16:34.593Z info: ACTION getAllProducts count=0 filter={} by=anonymous
2026-01-16T14:16:34.696Z info: GET /api/products 304 490.479 ms -
2026-01-16T14:16:34.941Z info: ACTION getAllCategories count=0 by=anonymous
2026-01-16T14:16:34.986Z info: GET /api/categories 304 423.062 ms -
2026-01-16T14:16:35.107Z info: ACTION getAllUsers by=1 count=7
2026-01-16T14:16:35.155Z info: GET /api/users 304 830.710 ms -
2026-01-16T14:16:35.209Z error: ReferenceError: logger is not defined
    at getByUser (C:\Users\blachheb\Desktop\Projects\BiscuitImport\BiscuitImport_BK\src\controllers\order.controller.js:48:5)
2026-01-16T14:16:35.308Z info: GET /api/orders 500 1088.073 ms -
2026-01-16T14:24:40.247Z info: ACTION getAllUsers by=1 count=7
2026-01-16T14:24:40.338Z info: GET /api/users 304 131.753 ms -
2026-01-16T14:24:40.412Z info: ACTION getAllCategories count=0 by=anonymous
2026-01-16T14:24:40.440Z info: GET /api/categories 304 206.393 ms -
2026-01-16T14:24:40.510Z info: ACTION getAllProducts count=0 filter={} by=anonymous
2026-01-16T14:24:40.543Z info: GET /api/products 304 51.168 ms -
2026-01-16T14:24:40.623Z info: ACTION getAllCategories count=0 by=anonymous
2026-01-16T14:24:40.637Z info: GET /api/categories 304 140.742 ms -
2026-01-16T14:24:40.643Z error: ReferenceError: logger is not defined
    at getByUser (C:\Users\blachheb\Desktop\Projects\BiscuitImport\BiscuitImport_BK\src\controllers\order.controller.js:48:5)
2026-01-16T14:24:40.671Z info: GET /api/orders 500 290.107 ms -
2026-01-16T14:24:40.697Z info: ACTION getAllUsers by=1 count=7
2026-01-16T14:24:40.710Z info: GET /api/users 304 226.129 ms -
2026-01-16T14:24:40.713Z info: ACTION getAllProducts count=0 filter={} by=anonymous
2026-01-16T14:24:40.734Z info: GET /api/products 304 85.620 ms -
2026-01-16T14:24:40.792Z error: ReferenceError: logger is not defined
    at getByUser (C:\Users\blachheb\Desktop\Projects\BiscuitImport\BiscuitImport_BK\src\controllers\order.controller.js:48:5)
2026-01-16T14:24:40.831Z info: GET /api/orders 500 67.529 ms -
2026-01-16T14:29:53.504Z info: ACTION getAllProducts count=0 filter={} by=anonymous
2026-01-16T14:29:53.539Z info: GET /api/products 304 148.411 ms -
2026-01-16T14:29:53.612Z info: ACTION getAllCategories count=0 by=anonymous
2026-01-16T14:29:53.669Z info: GET /api/categories 304 231.504 ms -
2026-01-16T14:29:53.735Z info: ACTION getAllUsers by=1 count=7
2026-01-16T14:29:53.749Z info: GET /api/users 304 350.731 ms -
2026-01-16T14:29:53.812Z error: ReferenceError: logger is not defined
    at getByUser (C:\Users\blachheb\Desktop\Projects\BiscuitImport\BiscuitImport_BK\src\controllers\order.controller.js:48:5)
2026-01-16T14:29:53.844Z info: GET /api/orders 500 472.084 ms -
2026-01-16T14:29:53.895Z info: ACTION getAllProducts count=0 filter={} by=anonymous
2026-01-16T14:29:53.935Z info: GET /api/products 304 204.287 ms -
2026-01-16T14:29:54.151Z info: ACTION getAllCategories count=0 by=anonymous
2026-01-16T14:29:54.184Z info: GET /api/categories 304 402.262 ms -
2026-01-16T14:29:54.362Z info: ACTION getAllUsers by=1 count=7
2026-01-16T14:29:54.404Z info: GET /api/users 304 393.663 ms -
2026-01-16T14:29:54.470Z error: ReferenceError: logger is not defined
    at getByUser (C:\Users\blachheb\Desktop\Projects\BiscuitImport\BiscuitImport_BK\src\controllers\order.controller.js:48:5)
2026-01-16T14:29:54.495Z info: GET /api/orders 500 277.452 ms -
2026-01-16T14:35:30.973Z info: ACTION getAllProducts count=0 filter={} by=anonymous
2026-01-16T14:35:30.974Z info: GET /api/products 304 10.906 ms -
2026-01-16T14:35:31.017Z info: ACTION getAllCategories count=0 by=anonymous
2026-01-16T14:35:31.030Z info: GET /api/categories 304 55.163 ms -
2026-01-16T14:35:31.043Z info: ACTION getAllUsers by=1 count=7
2026-01-16T14:35:31.047Z info: GET /api/users 304 81.893 ms -
2026-01-16T14:35:31.061Z error: ReferenceError: logger is not defined
    at getByUser (C:\Users\blachheb\Desktop\Projects\BiscuitImport\BiscuitImport_BK\src\controllers\order.controller.js:48:5)
2026-01-16T14:35:31.074Z info: GET /api/orders 500 101.879 ms -
2026-01-16T14:35:31.093Z info: ACTION getAllProducts count=0 filter={} by=anonymous
2026-01-16T14:35:31.118Z info: GET /api/products 304 66.456 ms -
2026-01-16T14:35:31.201Z info: ACTION getAllCategories count=0 by=anonymous
2026-01-16T14:35:31.230Z info: GET /api/categories 304 162.912 ms -
2026-01-16T14:35:31.411Z info: ACTION getAllUsers by=1 count=7
2026-01-16T14:35:31.463Z info: GET /api/users 304 278.492 ms -
2026-01-16T14:35:31.522Z error: ReferenceError: logger is not defined
    at getByUser (C:\Users\blachheb\Desktop\Projects\BiscuitImport\BiscuitImport_BK\src\controllers\order.controller.js:48:5)
2026-01-16T14:35:31.544Z info: GET /api/orders 500 262.191 ms -
2026-01-16T21:11:41.049Z info: ACTION login email=b@gmail.com userId=1
2026-01-16T21:11:41.055Z info: POST /auth/login 200 242.692 ms {"email":"b@gmail.com","password":"string"}
2026-01-16T21:11:52.140Z info: ACTION getAllProducts count=0 filter={} by=anonymous
2026-01-16T21:11:52.142Z info: GET /api/products 304 4.136 ms -
2026-01-16T21:11:52.142Z info: ACTION getAllCategories count=0 by=anonymous
2026-01-16T21:11:52.144Z info: GET /api/categories 304 4.711 ms -
2026-01-16T21:11:52.166Z info: ACTION getAllProducts count=0 filter={} by=anonymous
2026-01-16T21:11:52.169Z info: GET /api/products 304 9.221 ms -
2026-01-16T21:11:52.170Z info: ACTION getAllCategories count=0 by=anonymous
2026-01-16T21:11:52.172Z info: GET /api/categories 304 11.095 ms -
2026-01-16T21:11:52.173Z info: ACTION getAllUsers by=1 count=7
2026-01-16T21:11:52.175Z info: GET /api/users 200 19.063 ms -
2026-01-16T21:11:52.180Z error: ReferenceError: logger is not defined
    at getByUser (C:\Users\blachheb\Desktop\Projects\BiscuitImport\BiscuitImport_BK\src\controllers\order.controller.js:48:5)
2026-01-16T21:11:52.183Z info: GET /api/orders 500 33.409 ms -
2026-01-16T21:11:52.190Z info: ACTION getAllUsers by=1 count=7
2026-01-16T21:11:52.192Z info: GET /api/users 304 4.541 ms -
2026-01-16T21:11:52.199Z error: ReferenceError: logger is not defined
    at getByUser (C:\Users\blachheb\Desktop\Projects\BiscuitImport\BiscuitImport_BK\src\controllers\order.controller.js:48:5)
2026-01-16T21:11:52.200Z info: GET /api/orders 500 6.489 ms -
2026-01-16T21:12:23.401Z info: ACTION getAllProducts count=0 filter={} by=anonymous
2026-01-16T21:12:23.414Z info: GET /api/products 304 12.367 ms -
2026-01-16T21:12:23.425Z info: ACTION getAllCategories count=0 by=anonymous
2026-01-16T21:12:23.428Z info: GET /api/categories 304 11.405 ms -
2026-01-16T21:12:23.432Z info: ACTION getAllProducts count=0 filter={} by=anonymous
2026-01-16T21:12:23.434Z info: GET /api/products 304 8.795 ms -
2026-01-16T21:12:23.435Z info: ACTION getAllUsers by=1 count=7
2026-01-16T21:12:23.437Z info: GET /api/users 304 19.983 ms -
2026-01-16T21:12:23.440Z error: ReferenceError: logger is not defined
    at getByUser (C:\Users\blachheb\Desktop\Projects\BiscuitImport\BiscuitImport_BK\src\controllers\order.controller.js:48:5)
2026-01-16T21:12:23.441Z info: GET /api/orders 500 21.789 ms -
2026-01-16T21:12:23.446Z info: ACTION getAllCategories count=0 by=anonymous
2026-01-16T21:12:23.448Z info: GET /api/categories 304 9.393 ms -
2026-01-16T21:12:23.453Z info: ACTION getAllUsers by=1 count=7
2026-01-16T21:12:23.454Z info: GET /api/users 304 11.362 ms -
2026-01-16T21:12:23.455Z error: ReferenceError: logger is not defined
    at getByUser (C:\Users\blachheb\Desktop\Projects\BiscuitImport\BiscuitImport_BK\src\controllers\order.controller.js:48:5)
2026-01-16T21:12:23.457Z info: GET /api/orders 500 6.819 ms -
2026-01-16T21:12:37.503Z info: ACTION getAllProducts count=0 filter={} by=anonymous
2026-01-16T21:12:37.505Z info: GET /api/products 304 7.907 ms -
2026-01-16T21:12:37.506Z info: ACTION getAllCategories count=0 by=anonymous
2026-01-16T21:12:37.509Z info: GET /api/categories 304 9.422 ms -
2026-01-16T21:12:37.521Z error: ReferenceError: logger is not defined
    at getByUser (C:\Users\blachheb\Desktop\Projects\BiscuitImport\BiscuitImport_BK\src\controllers\order.controller.js:48:5)
2026-01-16T21:12:37.523Z info: GET /api/orders 500 22.546 ms -
2026-01-16T21:12:37.523Z info: ACTION getAllProducts count=0 filter={} by=anonymous
2026-01-16T21:12:37.525Z info: GET /api/products 304 5.945 ms -
2026-01-16T21:12:37.527Z info: ACTION getAllCategories count=0 by=anonymous
2026-01-16T21:12:37.530Z info: GET /api/categories 304 9.025 ms -
2026-01-16T21:12:37.531Z info: ACTION getAllUsers by=1 count=7
2026-01-16T21:12:37.533Z info: GET /api/users 304 19.821 ms -
2026-01-16T21:12:37.547Z error: ReferenceError: logger is not defined
    at getByUser (C:\Users\blachheb\Desktop\Projects\BiscuitImport\BiscuitImport_BK\src\controllers\order.controller.js:48:5)
2026-01-16T21:12:37.549Z info: GET /api/orders 500 13.102 ms -
2026-01-16T21:12:37.550Z info: ACTION getAllUsers by=1 count=7
2026-01-16T21:12:37.552Z info: GET /api/users 304 11.649 ms -
2026-01-16T21:13:53.524Z info: Server listening on port 3000
2026-01-16T21:13:53.536Z info: Base SQLite connectée avec succès
2026-01-16T21:31:58.847Z info: ACTION getAllProducts count=0 filter={} by=anonymous
2026-01-16T21:31:58.854Z info: GET /api/products 304 35.696 ms -
2026-01-16T21:31:58.856Z info: ACTION getAllCategories count=0 by=anonymous
2026-01-16T21:31:58.858Z info: GET /api/categories 304 17.647 ms -
2026-01-16T21:31:58.866Z info: ACTION getAllUsers by=1 count=7
2026-01-16T21:31:58.868Z info: GET /api/users 304 46.639 ms -
2026-01-16T21:31:58.869Z info: ACTION getAllProducts count=0 filter={} by=anonymous
2026-01-16T21:31:58.870Z info: GET /api/products 304 6.699 ms -
2026-01-16T21:31:58.872Z error: ReferenceError: logger is not defined
    at getByUser (C:\Users\blachheb\Desktop\Projects\BiscuitImport\BiscuitImport_BK\src\controllers\order.controller.js:48:5)
2026-01-16T21:31:58.875Z info: GET /api/orders 500 33.052 ms -
2026-01-16T21:31:58.877Z info: ACTION getAllCategories count=0 by=anonymous
2026-01-16T21:31:58.881Z info: GET /api/categories 304 13.743 ms -
2026-01-16T21:31:58.891Z info: ACTION getAllUsers by=1 count=7
2026-01-16T21:31:58.892Z info: GET /api/users 304 8.709 ms -
2026-01-16T21:31:58.895Z error: ReferenceError: logger is not defined
    at getByUser (C:\Users\blachheb\Desktop\Projects\BiscuitImport\BiscuitImport_BK\src\controllers\order.controller.js:48:5)
2026-01-16T21:31:58.897Z info: GET /api/orders 500 9.119 ms -
2026-01-16T21:33:24.904Z info: Server listening on port 3000
2026-01-16T21:33:24.936Z info: Base SQLite connectée avec succès
2026-01-16T21:35:00.351Z info: ACTION getAllProducts count=0 filter={} by=anonymous
2026-01-16T21:35:00.361Z info: GET /api/products 304 35.443 ms -
2026-01-16T21:35:00.364Z info: ACTION getAllCategories count=0 by=anonymous
2026-01-16T21:35:00.370Z info: GET /api/categories 304 37.337 ms -
2026-01-16T21:35:00.386Z info: ACTION getAllUsers by=1 count=7
2026-01-16T21:35:00.390Z info: GET /api/users 304 53.805 ms -
2026-01-16T21:35:00.392Z info: ACTION getAllProducts count=0 filter={} by=anonymous
2026-01-16T21:35:00.396Z info: GET /api/products 304 12.626 ms -
2026-01-16T21:35:00.400Z error: ReferenceError: logger is not defined
    at getByUser (C:\Users\blachheb\Desktop\Projects\BiscuitImport\BiscuitImport_BK\src\controllers\order.controller.js:48:5)
2026-01-16T21:35:00.407Z info: GET /api/orders 500 56.619 ms -
2026-01-16T21:35:00.409Z info: ACTION getAllCategories count=0 by=anonymous
2026-01-16T21:35:00.412Z info: GET /api/categories 304 26.146 ms -
2026-01-16T21:35:00.429Z info: ACTION getAllUsers by=1 count=7
2026-01-16T21:35:00.432Z info: GET /api/users 304 16.281 ms -
2026-01-16T21:35:00.434Z error: ReferenceError: logger is not defined
    at getByUser (C:\Users\blachheb\Desktop\Projects\BiscuitImport\BiscuitImport_BK\src\controllers\order.controller.js:48:5)
2026-01-16T21:35:00.436Z info: GET /api/orders 500 15.328 ms -
2026-01-16T21:57:26.727Z info: ACTION getAllProducts count=0 filter={} by=anonymous
2026-01-16T21:57:26.729Z info: GET /api/products 304 4.737 ms -
2026-01-16T21:57:26.730Z info: ACTION getAllCategories count=0 by=anonymous
2026-01-16T21:57:26.734Z info: GET /api/categories 304 6.031 ms -
2026-01-16T21:57:26.744Z info: ACTION getAllUsers by=1 count=7
2026-01-16T21:57:26.746Z info: GET /api/users 200 9.329 ms -
2026-01-16T21:57:26.751Z error: ReferenceError: logger is not defined
    at getByUser (C:\Users\blachheb\Desktop\Projects\BiscuitImport\BiscuitImport_BK\src\controllers\order.controller.js:48:5)
2026-01-16T21:57:26.753Z info: GET /api/orders 500 13.379 ms -
2026-01-16T21:57:26.758Z info: ACTION getAllProducts count=0 filter={} by=anonymous
2026-01-16T21:57:26.760Z info: GET /api/products 304 9.910 ms -
2026-01-16T21:57:26.761Z info: ACTION getAllCategories count=0 by=anonymous
2026-01-16T21:57:26.763Z info: GET /api/categories 304 7.464 ms -
2026-01-16T21:57:26.775Z info: ACTION getAllUsers by=1 count=7
2026-01-16T21:57:26.777Z info: GET /api/users 304 8.170 ms -
2026-01-16T21:57:26.786Z error: ReferenceError: logger is not defined
    at getByUser (C:\Users\blachheb\Desktop\Projects\BiscuitImport\BiscuitImport_BK\src\controllers\order.controller.js:48:5)
2026-01-16T21:57:26.788Z info: GET /api/orders 500 7.570 ms -
2026-01-16T22:02:17.859Z info: DB createProduct: name=XX price=23 actor=1
2026-01-16T22:02:17.897Z info: AUDIT ADD_PRODUCT: id=1 user=1
2026-01-16T22:02:17.898Z info: ACTION createProduct id=1 name=XX price=23 category=null by=undefined undefined (1)
2026-01-16T22:02:17.900Z info: POST /api/products 201 211.844 ms {"name":"XX","category":"chocolats","brand":"XS","price":23,"stock":47,"description":"SXSXS","image":"https://abcg-formation.com/definition-produit-detergent/"}
2026-01-16T22:06:58.825Z info: DB createProduct: name=XCVV price=466 actor=1
2026-01-16T22:06:58.849Z info: AUDIT ADD_PRODUCT: id=2 user=1
2026-01-16T22:06:58.851Z info: ACTION createProduct id=2 name=XCVV price=466 category=null by=undefined undefined (1)
2026-01-16T22:06:58.853Z info: POST /api/products 201 30.372 ms {"name":"XCVV","category":"biscuits","brand":"DZED","price":466,"stock":38888,"description":"DFEFRGTHGT","image":"https://abcg-formation.com/definition-produit-detergent/"}
2026-01-16T22:07:59.367Z info: DB createCategory: name=EZDFD actor=1
2026-01-16T22:07:59.402Z info: AUDIT ADD_CATEGORY: id=1 user=1
2026-01-16T22:07:59.403Z info: ACTION createCategory id=1 name=EZDFD by=undefined undefined (1)
2026-01-16T22:07:59.405Z info: POST /api/categories 201 46.282 ms {"name":"EZDFD","icon":"📦","description":"EDFDF"}
2026-01-16T22:08:33.112Z info: DB createProduct: name=DFDF price=1.1 actor=1
2026-01-16T22:08:33.155Z info: AUDIT ADD_PRODUCT: id=3 user=1
2026-01-16T22:08:33.155Z info: ACTION createProduct id=3 name=DFDF price=1.1 category=null by=undefined undefined (1)
2026-01-16T22:08:33.157Z info: POST /api/products 201 52.709 ms {"name":"DFDF","category":"1","brand":"DFDF","price":1.1,"stock":223,"description":"DEEF","image":"https://abcg-formation.com/definition-produit-detergent/"}
2026-01-16T22:10:29.109Z info: ACTION getAllProducts count=3 filter={} by=anonymous
2026-01-16T22:10:29.111Z info: GET /api/products 200 2.686 ms -
2026-01-16T22:10:29.113Z info: ACTION getAllCategories count=1 by=anonymous
2026-01-16T22:10:29.114Z info: GET /api/categories 200 4.833 ms -
2026-01-16T22:10:29.121Z error: ReferenceError: logger is not defined
    at getByUser (C:\Users\blachheb\Desktop\Projects\BiscuitImport\BiscuitImport_BK\src\controllers\order.controller.js:48:5)
2026-01-16T22:10:29.123Z info: GET /api/orders 500 4.136 ms -
2026-01-16T22:10:29.123Z info: ACTION getAllUsers by=1 count=7
2026-01-16T22:10:29.134Z info: GET /api/users 304 8.422 ms -
2026-01-16T22:10:29.141Z info: ACTION getAllCategories count=1 by=anonymous
2026-01-16T22:10:29.142Z info: GET /api/categories 304 6.488 ms -
2026-01-16T22:10:29.144Z info: ACTION getAllProducts count=3 filter={} by=anonymous
2026-01-16T22:10:29.147Z info: GET /api/products 304 9.299 ms -
2026-01-16T22:10:29.154Z info: ACTION getAllUsers by=1 count=7
2026-01-16T22:10:29.156Z info: GET /api/users 304 17.884 ms -
2026-01-16T22:10:29.157Z error: ReferenceError: logger is not defined
    at getByUser (C:\Users\blachheb\Desktop\Projects\BiscuitImport\BiscuitImport_BK\src\controllers\order.controller.js:48:5)
2026-01-16T22:10:29.160Z info: GET /api/orders 500 7.640 ms -
2026-01-16T22:23:30.146Z info: ACTION getHistory count=4 filter={} by=undefined undefined (1)
2026-01-16T22:23:30.150Z info: GET /api/history 200 17.587 ms -
2026-01-16T22:23:44.268Z info: ACTION getAllCategories count=0 by=anonymous
2026-01-16T22:23:44.270Z info: GET /api/categories 200 6.571 ms -
2026-01-16T22:23:44.270Z info: ACTION getAllProducts count=0 filter={} by=anonymous
2026-01-16T22:23:44.272Z info: GET /api/products 200 7.868 ms -
2026-01-16T22:23:44.278Z info: ACTION getAllProducts count=0 filter={} by=anonymous
2026-01-16T22:23:44.279Z info: GET /api/products 304 2.249 ms -
2026-01-16T22:23:44.279Z info: ACTION getAllCategories count=0 by=anonymous
2026-01-16T22:23:44.280Z info: GET /api/categories 304 2.660 ms -
2026-01-16T22:26:25.489Z info: ACTION getAllProducts count=0 filter={} by=anonymous
2026-01-16T22:26:25.491Z info: GET /api/products 304 13.546 ms -
2026-01-16T22:26:25.493Z info: ACTION getAllCategories count=0 by=anonymous
2026-01-16T22:26:25.494Z info: GET /api/categories 304 15.041 ms -
2026-01-16T22:26:25.504Z error: ReferenceError: logger is not defined
    at getByUser (C:\Users\blachheb\Desktop\Projects\BiscuitImport\BiscuitImport_BK\src\controllers\order.controller.js:48:5)
2026-01-16T22:26:25.506Z info: GET /api/orders 500 24.977 ms -
2026-01-16T22:26:25.507Z info: ACTION getAllUsers by=1 count=7
2026-01-16T22:26:25.509Z info: GET /api/users 304 23.424 ms -
2026-01-16T22:26:25.509Z info: ACTION getAllProducts count=0 filter={} by=anonymous
2026-01-16T22:26:25.511Z info: GET /api/products 304 12.565 ms -
2026-01-16T22:26:25.511Z info: ACTION getAllCategories count=0 by=anonymous
2026-01-16T22:26:25.512Z info: GET /api/categories 304 9.081 ms -
2026-01-16T22:26:25.521Z info: ACTION getAllUsers by=1 count=7
2026-01-16T22:26:25.523Z info: GET /api/users 304 8.741 ms -
2026-01-16T22:26:25.524Z error: ReferenceError: logger is not defined
    at getByUser (C:\Users\blachheb\Desktop\Projects\BiscuitImport\BiscuitImport_BK\src\controllers\order.controller.js:48:5)
2026-01-16T22:26:25.525Z info: GET /api/orders 500 7.394 ms -
2026-01-16T22:26:52.759Z info: DB createCategory: name=hghhj actor=1
2026-01-16T22:26:52.790Z info: AUDIT ADD_CATEGORY: id=2 user=1
2026-01-16T22:26:52.790Z info: ACTION createCategory id=2 name=hghhj by=undefined undefined (1)
2026-01-16T22:26:52.792Z info: POST /api/categories 201 42.370 ms {"name":"hghhj","icon":"📦","description":"hbbh"}
2026-01-16T22:27:28.594Z info: DB createProduct: name=ghbj price=9999 actor=1
2026-01-16T22:27:28.635Z info: AUDIT ADD_PRODUCT: id=4 user=1
2026-01-16T22:27:28.636Z info: ACTION createProduct id=4 name=ghbj price=9999 category=null by=undefined undefined (1)
2026-01-16T22:27:28.637Z info: POST /api/products 201 51.439 ms {"name":"ghbj","category":"2","brand":"ujijk","price":9999,"stock":20,"description":"JKJJNJK","image":"https://abcg-formation.com/definition-produit-detergent/"}
2026-01-16T22:30:58.538Z info: ACTION getAllProducts count=1 filter={} by=anonymous
2026-01-16T22:30:58.539Z info: GET /api/products 200 4.174 ms -
2026-01-16T22:30:58.540Z info: ACTION getAllCategories count=1 by=anonymous
2026-01-16T22:30:58.542Z info: GET /api/categories 200 4.726 ms -
2026-01-16T22:30:58.550Z info: ACTION getAllCategories count=1 by=anonymous
2026-01-16T22:30:58.551Z info: GET /api/categories 304 2.077 ms -
2026-01-16T22:30:58.860Z info: ACTION getAllProducts count=1 filter={} by=anonymous
2026-01-16T22:30:58.864Z info: GET /api/products 304 7.117 ms -
2026-01-16T22:31:43.336Z info: ACTION getAllCategories count=1 by=anonymous
2026-01-16T22:31:43.338Z info: GET /api/categories 304 11.772 ms -
2026-01-16T22:31:43.339Z info: ACTION getAllProducts count=0 filter={} by=anonymous
2026-01-16T22:31:43.341Z info: GET /api/products 200 12.788 ms -
2026-01-16T22:31:43.346Z info: ACTION getAllUsers by=1 count=7
2026-01-16T22:31:43.347Z info: GET /api/users 304 15.917 ms -
2026-01-16T22:31:43.348Z error: ReferenceError: logger is not defined
    at getByUser (C:\Users\blachheb\Desktop\Projects\BiscuitImport\BiscuitImport_BK\src\controllers\order.controller.js:48:5)
2026-01-16T22:31:43.349Z info: GET /api/orders 500 15.031 ms -
2026-01-16T22:31:43.349Z info: ACTION getAllCategories count=1 by=anonymous
2026-01-16T22:31:43.354Z info: GET /api/categories 304 4.541 ms -
2026-01-16T22:31:43.361Z info: ACTION getAllProducts count=0 filter={} by=anonymous
2026-01-16T22:31:43.362Z info: GET /api/products 304 7.335 ms -
2026-01-16T22:31:43.365Z error: ReferenceError: logger is not defined
    at getByUser (C:\Users\blachheb\Desktop\Projects\BiscuitImport\BiscuitImport_BK\src\controllers\order.controller.js:48:5)
2026-01-16T22:31:43.366Z info: GET /api/orders 500 6.383 ms -
2026-01-16T22:31:43.367Z info: ACTION getAllUsers by=1 count=7
2026-01-16T22:31:43.368Z info: GET /api/users 304 10.679 ms -
2026-01-16T22:31:54.679Z info: DB deleteCategory: id=2 actor=1
2026-01-16T22:31:54.721Z info: AUDIT DELETE_CATEGORY: id=2 user=1
2026-01-16T22:31:54.722Z info: ACTION deleteCategory id=2 by=undefined undefined (1)
2026-01-16T22:31:54.724Z info: DELETE /api/categories/2 200 56.209 ms -
2026-01-16T22:34:08.912Z info: ACTION getAllProducts count=0 filter={} by=anonymous
2026-01-16T22:34:08.914Z info: GET /api/products 304 3.956 ms -
2026-01-16T22:34:08.915Z info: ACTION getAllCategories count=0 by=anonymous
2026-01-16T22:34:08.920Z info: GET /api/categories 200 5.131 ms -
2026-01-16T22:34:08.923Z info: ACTION getAllProducts count=0 filter={} by=anonymous
2026-01-16T22:34:08.924Z info: GET /api/products 304 1.856 ms -
2026-01-16T22:34:08.930Z info: ACTION getAllCategories count=0 by=anonymous
2026-01-16T22:34:08.932Z info: GET /api/categories 304 1.836 ms -
2026-01-16T22:34:58.538Z info: ACTION getAllProducts count=0 filter={} by=anonymous
2026-01-16T22:34:58.539Z info: GET /api/products 304 17.163 ms -
2026-01-16T22:34:58.540Z info: ACTION getAllCategories count=0 by=anonymous
2026-01-16T22:34:58.541Z info: GET /api/categories 304 17.117 ms -
2026-01-16T22:34:58.542Z info: ACTION getAllUsers by=1 count=7
2026-01-16T22:34:58.543Z info: GET /api/users 304 18.471 ms -
2026-01-16T22:34:58.547Z info: ACTION getAllProducts count=0 filter={} by=anonymous
2026-01-16T22:34:58.548Z info: GET /api/products 304 2.661 ms -
2026-01-16T22:34:58.553Z error: ReferenceError: logger is not defined
    at getByUser (C:\Users\blachheb\Desktop\Projects\BiscuitImport\BiscuitImport_BK\src\controllers\order.controller.js:48:5)
2026-01-16T22:34:58.555Z info: GET /api/orders 500 26.954 ms -
2026-01-16T22:34:58.556Z info: ACTION getAllCategories count=0 by=anonymous
2026-01-16T22:34:58.557Z info: GET /api/categories 304 10.121 ms -
2026-01-16T22:34:58.559Z info: ACTION getAllUsers by=1 count=7
2026-01-16T22:34:58.560Z info: GET /api/users 304 10.563 ms -
2026-01-16T22:34:58.565Z error: ReferenceError: logger is not defined
    at getByUser (C:\Users\blachheb\Desktop\Projects\BiscuitImport\BiscuitImport_BK\src\controllers\order.controller.js:48:5)
2026-01-16T22:34:58.567Z info: GET /api/orders 500 4.389 ms -
2026-01-16T22:38:31.199Z info: ACTION login email=b@gmail.com userId=1
2026-01-16T22:38:31.202Z info: POST /auth/login 200 227.764 ms {"email":"b@gmail.com","password":"string"}
2026-01-16T22:38:32.254Z info: ACTION getAllProducts count=0 filter={} by=anonymous
2026-01-16T22:38:32.256Z info: GET /api/products 200 3.902 ms -
2026-01-16T22:38:32.257Z info: ACTION getAllCategories count=0 by=anonymous
2026-01-16T22:38:32.258Z info: GET /api/categories 200 3.734 ms -
2026-01-16T22:38:32.267Z info: ACTION getAllProducts count=0 filter={} by=anonymous
2026-01-16T22:38:32.270Z info: GET /api/products 304 4.479 ms -
2026-01-16T22:38:32.276Z info: ACTION getAllCategories count=0 by=anonymous
2026-01-16T22:38:32.280Z info: GET /api/categories 304 4.508 ms -
2026-01-16T22:38:36.270Z info: ACTION getAllProducts count=0 filter={} by=anonymous
2026-01-16T22:38:36.271Z info: GET /api/products 304 5.272 ms -
2026-01-16T22:38:36.272Z info: ACTION getAllCategories count=0 by=anonymous
2026-01-16T22:38:36.274Z info: GET /api/categories 304 6.611 ms -
2026-01-16T22:38:36.293Z info: ACTION getAllProducts count=0 filter={} by=anonymous
2026-01-16T22:38:36.296Z info: GET /api/products 304 9.650 ms -
2026-01-16T22:38:36.297Z info: ACTION getAllCategories count=0 by=anonymous
2026-01-16T22:38:36.298Z info: GET /api/categories 304 10.513 ms -
2026-01-16T22:38:36.300Z info: ACTION getAllUsers by=1 count=7
2026-01-16T22:38:36.302Z info: GET /api/users 200 19.336 ms -
2026-01-16T22:38:36.303Z error: ReferenceError: logger is not defined
    at getByUser (C:\Users\blachheb\Desktop\Projects\BiscuitImport\BiscuitImport_BK\src\controllers\order.controller.js:48:5)
2026-01-16T22:38:36.304Z info: GET /api/orders 500 13.010 ms -
2026-01-16T22:38:36.316Z error: ReferenceError: logger is not defined
    at getByUser (C:\Users\blachheb\Desktop\Projects\BiscuitImport\BiscuitImport_BK\src\controllers\order.controller.js:48:5)
2026-01-16T22:38:36.318Z info: GET /api/orders 500 7.821 ms -
2026-01-16T22:38:36.319Z info: ACTION getAllUsers by=1 count=7
2026-01-16T22:38:36.320Z info: GET /api/users 304 7.137 ms -
2026-01-16T22:39:28.497Z info: DB createCategory: name=sdxs actor=1
2026-01-16T22:39:28.529Z info: AUDIT ADD_CATEGORY: id=3 user=1
2026-01-16T22:39:28.530Z info: ACTION createCategory id=3 name=sdxs by=undefined undefined (1)
2026-01-16T22:39:28.531Z info: POST /api/categories 201 40.512 ms {"name":"sdxs","icon":"📦","description":"sqdxsq"}
2026-01-16T22:39:46.216Z info: DB createProduct: name=sdsqd price=11222 actor=1
2026-01-16T22:39:46.247Z info: AUDIT ADD_PRODUCT: id=5 user=1
2026-01-16T22:39:46.248Z info: ACTION createProduct id=5 name=sdsqd price=11222 category=null by=undefined undefined (1)
2026-01-16T22:39:46.250Z info: POST /api/products 201 39.403 ms {"name":"sdsqd","category":"3","brand":"sdsq","price":11222,"stock":222,"description":"ZXCCD","image":"DFF"}
2026-01-16T22:40:25.163Z info: ACTION getAllProducts count=1 filter={} by=anonymous
2026-01-16T22:40:25.166Z info: GET /api/products 200 12.071 ms -
2026-01-16T22:40:25.167Z info: ACTION getAllCategories count=1 by=anonymous
2026-01-16T22:40:25.169Z info: GET /api/categories 200 14.178 ms -
2026-01-16T22:40:25.173Z info: ACTION getAllUsers by=1 count=7
2026-01-16T22:40:25.178Z info: GET /api/users 304 21.338 ms -
2026-01-16T22:40:25.183Z error: ReferenceError: logger is not defined
    at getByUser (C:\Users\blachheb\Desktop\Projects\BiscuitImport\BiscuitImport_BK\src\controllers\order.controller.js:48:5)
2026-01-16T22:40:25.184Z info: GET /api/orders 500 23.573 ms -
2026-01-16T22:40:25.185Z info: ACTION getAllProducts count=1 filter={} by=anonymous
2026-01-16T22:40:25.186Z info: GET /api/products 304 5.323 ms -
2026-01-16T22:40:25.192Z info: ACTION getAllCategories count=1 by=anonymous
2026-01-16T22:40:25.194Z info: GET /api/categories 304 11.343 ms -
2026-01-16T22:40:25.201Z info: ACTION getAllUsers by=1 count=7
2026-01-16T22:40:25.202Z info: GET /api/users 304 14.801 ms -
2026-01-16T22:40:25.204Z error: ReferenceError: logger is not defined
    at getByUser (C:\Users\blachheb\Desktop\Projects\BiscuitImport\BiscuitImport_BK\src\controllers\order.controller.js:48:5)
2026-01-16T22:40:25.208Z info: GET /api/orders 500 9.651 ms -
2026-01-16T22:40:40.274Z info: DB createCategory: name=DCDSF actor=1
2026-01-16T22:40:40.315Z info: AUDIT ADD_CATEGORY: id=4 user=1
2026-01-16T22:40:40.316Z info: ACTION createCategory id=4 name=DCDSF by=undefined undefined (1)
2026-01-16T22:40:40.317Z info: POST /api/categories 201 47.359 ms {"name":"DCDSF","icon":"📦","description":"DSFDDS"}
2026-01-16T22:43:50.399Z info: DB createProduct: name=HGVHKJH price=3344 actor=1
2026-01-16T22:43:50.427Z info: AUDIT ADD_PRODUCT: id=6 user=1
2026-01-16T22:43:50.427Z info: ACTION createProduct id=6 name=HGVHKJH price=3344 category=null by=undefined undefined (1)
2026-01-16T22:43:50.428Z info: POST /api/products 201 31.542 ms {"name":"HGVHKJH","category":"4","brand":"HGH","price":3344,"stock":13,"description":"HGB","image":"GVVGHGB"}
2026-01-16T22:45:11.635Z info: ACTION login email=b@gmail.com userId=1
2026-01-16T22:45:11.638Z info: POST /auth/login 200 177.871 ms {"email":"b@gmail.com","password":"string"}
2026-01-16T22:45:12.711Z info: ACTION getAllProducts count=2 filter={} by=anonymous
2026-01-16T22:45:12.713Z info: GET /api/products 200 4.108 ms -
2026-01-16T22:45:12.725Z info: ACTION getAllCategories count=2 by=anonymous
2026-01-16T22:45:12.727Z info: GET /api/categories 200 3.629 ms -
2026-01-16T22:45:12.727Z info: ACTION getAllProducts count=2 filter={} by=anonymous
2026-01-16T22:45:12.728Z info: GET /api/products 304 4.011 ms -
2026-01-16T22:45:12.736Z info: ACTION getAllCategories count=2 by=anonymous
2026-01-16T22:45:12.738Z info: GET /api/categories 304 3.405 ms -
2026-01-16T22:45:51.267Z info: ACTION getAllProducts count=2 filter={} by=anonymous
2026-01-16T22:45:51.269Z info: GET /api/products 200 4.548 ms -
2026-01-16T22:45:51.272Z info: ACTION getAllCategories count=2 by=anonymous
2026-01-16T22:45:51.272Z info: GET /api/categories 200 1.655 ms -
2026-01-16T22:45:51.277Z info: ACTION getAllProducts count=2 filter={} by=anonymous
2026-01-16T22:45:51.278Z info: GET /api/products 304 1.442 ms -
2026-01-16T22:45:51.279Z info: ACTION getAllCategories count=2 by=anonymous
2026-01-16T22:45:51.280Z info: GET /api/categories 304 1.290 ms -
2026-01-16T22:48:10.802Z info: ACTION getHistory count=11 filter={} by=undefined undefined (1)
2026-01-16T22:48:10.805Z info: GET /api/history 200 6.554 ms -
2026-01-16T22:48:10.826Z info: ACTION getHistory count=11 filter={} by=undefined undefined (1)
2026-01-16T22:48:10.830Z info: GET /api/history 304 7.856 ms -
2026-01-16T22:48:53.234Z info: ACTION getAllProducts count=0 filter={} by=anonymous
2026-01-16T22:48:53.236Z info: GET /api/products 200 3.033 ms -
2026-01-16T22:48:53.241Z info: ACTION getAllCategories count=0 by=anonymous
2026-01-16T22:48:53.245Z info: GET /api/categories 200 5.097 ms -
2026-01-16T22:48:53.262Z info: ACTION getAllProducts count=0 filter={} by=anonymous
2026-01-16T22:48:53.264Z info: GET /api/products 304 3.724 ms -
2026-01-16T22:48:53.267Z info: ACTION getAllCategories count=0 by=anonymous
2026-01-16T22:48:53.269Z info: GET /api/categories 304 2.577 ms -
2026-01-16T22:50:12.155Z info: ACTION getAllProducts count=0 filter={} by=anonymous
2026-01-16T22:50:12.158Z info: GET /api/products 304 8.510 ms -
2026-01-16T22:50:12.159Z info: ACTION getAllCategories count=0 by=anonymous
2026-01-16T22:50:12.160Z info: GET /api/categories 304 9.568 ms -
2026-01-16T22:50:12.165Z info: ACTION getAllProducts count=0 filter={} by=anonymous
2026-01-16T22:50:12.168Z info: GET /api/products 304 3.266 ms -
2026-01-16T22:50:12.171Z info: ACTION getAllCategories count=0 by=anonymous
2026-01-16T22:50:12.172Z info: GET /api/categories 304 2.530 ms -
2026-01-16T22:50:16.302Z info: ACTION getHistory count=11 filter={} by=undefined undefined (1)
2026-01-16T22:50:16.304Z info: GET /api/history 304 5.839 ms -
2026-01-16T22:50:16.317Z info: ACTION getHistory count=11 filter={} by=undefined undefined (1)
2026-01-16T22:50:16.319Z info: GET /api/history 304 6.978 ms -
2026-01-16T22:50:19.546Z info: ACTION getHistory count=11 filter={} by=undefined undefined (1)
2026-01-16T22:50:19.548Z info: GET /api/history 304 8.104 ms -
2026-01-16T22:50:19.566Z info: ACTION getHistory count=11 filter={} by=undefined undefined (1)
2026-01-16T22:50:19.568Z info: GET /api/history 304 7.787 ms -
2026-01-16T22:53:48.302Z info: DB deleteCategory: id=3 actor=1
2026-01-16T22:53:48.306Z info: ACTION deleteCategory_not_found id=3 by=undefined undefined (1)
2026-01-16T22:53:48.309Z info: DELETE /api/categories/3 404 11.768 ms -
2026-01-16T22:53:55.108Z info: ACTION getAllCategories count=0 by=anonymous
2026-01-16T22:53:55.110Z info: GET /api/categories 304 3.078 ms -
2026-01-16T22:53:55.110Z info: ACTION getAllProducts count=0 filter={} by=anonymous
2026-01-16T22:53:55.112Z info: GET /api/products 304 3.957 ms -
2026-01-16T22:53:55.116Z info: ACTION getAllCategories count=0 by=anonymous
2026-01-16T22:53:55.118Z info: GET /api/categories 304 2.333 ms -
2026-01-16T22:53:55.121Z info: ACTION getAllProducts count=0 filter={} by=anonymous
2026-01-16T22:53:55.122Z info: GET /api/products 304 2.018 ms -
2026-01-16T22:54:31.164Z info: ACTION getHistory count=11 filter={} by=undefined undefined (1)
2026-01-16T22:54:31.166Z info: GET /api/history 304 6.882 ms -
2026-01-16T22:57:11.304Z info: ACTION getAllProducts count=0 filter={} by=anonymous
2026-01-16T22:57:11.306Z info: GET /api/products 304 3.075 ms -
2026-01-16T22:57:11.306Z info: ACTION getAllCategories count=0 by=anonymous
2026-01-16T22:57:11.307Z info: GET /api/categories 304 3.582 ms -
2026-01-16T22:57:11.312Z info: ACTION getAllProducts count=0 filter={} by=anonymous
2026-01-16T22:57:11.314Z info: GET /api/products 304 3.821 ms -
2026-01-16T22:57:11.314Z info: ACTION getAllCategories count=0 by=anonymous
2026-01-16T22:57:11.315Z info: GET /api/categories 304 3.743 ms -
2026-01-16T22:57:11.326Z info: ACTION getAllProducts count=0 filter={} by=anonymous
2026-01-16T22:57:11.327Z info: GET /api/products 304 1.729 ms -
2026-01-16T22:57:11.332Z info: ACTION getAllCategories count=0 by=anonymous
2026-01-16T22:57:11.333Z info: GET /api/categories 304 3.977 ms -
2026-01-16T22:57:11.338Z info: ACTION getAllProducts count=0 filter={} by=anonymous
2026-01-16T22:57:11.339Z info: GET /api/products 304 2.590 ms -
2026-01-16T22:57:11.339Z info: ACTION getAllCategories count=0 by=anonymous
2026-01-16T22:57:11.340Z info: GET /api/categories 304 2.532 ms -
2026-01-16T22:58:08.498Z info: ACTION getAllProducts count=0 filter={} by=anonymous
2026-01-16T22:58:08.499Z info: GET /api/products 304 3.477 ms -
2026-01-16T22:58:08.500Z info: ACTION getAllCategories count=0 by=anonymous
2026-01-16T22:58:08.501Z info: GET /api/categories 304 2.939 ms -
2026-01-16T22:58:08.505Z info: ACTION getAllProducts count=0 filter={} by=anonymous
2026-01-16T22:58:08.507Z info: GET /api/products 304 2.886 ms -
2026-01-16T22:58:08.507Z info: ACTION getAllCategories count=0 by=anonymous
2026-01-16T22:58:08.510Z info: GET /api/categories 304 3.347 ms -
2026-01-16T22:58:22.340Z info: ACTION getHistory count=11 filter={} by=undefined undefined (1)
2026-01-16T22:58:22.341Z info: GET /api/history 304 5.029 ms -
2026-01-16T22:58:22.355Z info: ACTION getHistory count=11 filter={} by=undefined undefined (1)
2026-01-16T22:58:22.357Z info: GET /api/history 304 6.668 ms -
2026-01-16T22:58:31.514Z info: ACTION getAllProducts count=0 filter={} by=anonymous
2026-01-16T22:58:31.515Z info: GET /api/products 304 2.115 ms -
2026-01-16T22:58:31.518Z info: ACTION getAllCategories count=0 by=anonymous
2026-01-16T22:58:31.519Z info: GET /api/categories 304 2.583 ms -
2026-01-16T22:58:31.522Z info: ACTION getAllProducts count=0 filter={} by=anonymous
2026-01-16T22:58:31.524Z info: GET /api/products 304 2.340 ms -
2026-01-16T22:58:31.531Z info: ACTION getAllCategories count=0 by=anonymous
2026-01-16T22:58:31.534Z info: GET /api/categories 304 5.215 ms -
2026-01-16T23:00:06.228Z info: ACTION getAllProducts count=0 filter={} by=anonymous
2026-01-16T23:00:06.230Z info: GET /api/products 304 13.616 ms -
2026-01-16T23:00:06.231Z info: ACTION getAllCategories count=0 by=anonymous
2026-01-16T23:00:06.233Z info: GET /api/categories 304 14.216 ms -
2026-01-16T23:00:06.237Z info: ACTION getAllUsers by=1 count=7
2026-01-16T23:00:06.238Z info: GET /api/users 200 18.974 ms -
2026-01-16T23:00:06.242Z info: ACTION getAllProducts count=0 filter={} by=anonymous
2026-01-16T23:00:06.245Z info: GET /api/products 304 8.589 ms -
2026-01-16T23:00:06.246Z error: ReferenceError: logger is not defined
    at getByUser (C:\Users\blachheb\Desktop\Projects\BiscuitImport\BiscuitImport_BK\src\controllers\order.controller.js:48:5)
2026-01-16T23:00:06.248Z info: GET /api/orders 500 24.861 ms -
2026-01-16T23:00:06.249Z info: ACTION getAllCategories count=0 by=anonymous
2026-01-16T23:00:06.252Z info: GET /api/categories 304 10.936 ms -
2026-01-16T23:00:06.264Z info: ACTION getAllUsers by=1 count=7
2026-01-16T23:00:06.266Z info: GET /api/users 304 10.956 ms -
2026-01-16T23:00:06.267Z error: ReferenceError: logger is not defined
    at getByUser (C:\Users\blachheb\Desktop\Projects\BiscuitImport\BiscuitImport_BK\src\controllers\order.controller.js:48:5)
2026-01-16T23:00:06.269Z info: GET /api/orders 500 8.546 ms -
2026-01-16T23:01:23.233Z info: ACTION getAllCategories count=0 by=anonymous
2026-01-16T23:01:23.235Z info: GET /api/categories 304 3.251 ms -
2026-01-16T23:01:23.235Z info: ACTION getAllProducts count=0 filter={} by=anonymous
2026-01-16T23:01:23.237Z info: GET /api/products 304 3.753 ms -
2026-01-16T23:01:23.241Z info: ACTION getAllCategories count=0 by=anonymous
2026-01-16T23:01:23.242Z info: GET /api/categories 304 1.882 ms -
2026-01-16T23:01:23.244Z info: ACTION getAllProducts count=0 filter={} by=anonymous
2026-01-16T23:01:23.247Z info: GET /api/products 304 3.018 ms -
2026-01-16T23:01:26.070Z info: ACTION getAllProducts count=0 filter={} by=anonymous
2026-01-16T23:01:26.072Z info: GET /api/products 304 7.394 ms -
2026-01-16T23:01:26.072Z info: ACTION getAllCategories count=0 by=anonymous
2026-01-16T23:01:26.074Z info: GET /api/categories 304 8.346 ms -
2026-01-16T23:01:26.085Z info: ACTION getAllProducts count=0 filter={} by=anonymous
2026-01-16T23:01:26.087Z info: GET /api/products 304 4.470 ms -
2026-01-16T23:01:26.087Z info: ACTION getAllCategories count=0 by=anonymous
2026-01-16T23:01:26.091Z info: GET /api/categories 304 4.920 ms -
2026-01-16T23:01:26.092Z info: ACTION getAllUsers by=1 count=6
2026-01-16T23:01:26.093Z info: GET /api/users 200 17.308 ms -
2026-01-16T23:01:26.102Z error: ReferenceError: logger is not defined
    at getByUser (C:\Users\blachheb\Desktop\Projects\BiscuitImport\BiscuitImport_BK\src\controllers\order.controller.js:48:5)
2026-01-16T23:01:26.104Z info: GET /api/orders 500 25.600 ms -
2026-01-16T23:01:26.115Z info: ACTION getAllUsers by=1 count=6
2026-01-16T23:01:26.117Z info: GET /api/users 304 11.450 ms -
2026-01-16T23:01:26.121Z error: ReferenceError: logger is not defined
    at getByUser (C:\Users\blachheb\Desktop\Projects\BiscuitImport\BiscuitImport_BK\src\controllers\order.controller.js:48:5)
2026-01-16T23:01:26.122Z info: GET /api/orders 500 8.207 ms -
2026-01-16T23:02:05.228Z info: ACTION getAllProducts count=0 filter={} by=anonymous
2026-01-16T23:02:05.231Z info: GET /api/products 304 4.049 ms -
2026-01-16T23:02:05.243Z info: ACTION getAllCategories count=0 by=anonymous
2026-01-16T23:02:05.246Z info: GET /api/categories 304 5.375 ms -
2026-01-16T23:02:05.250Z info: ACTION getAllProducts count=0 filter={} by=anonymous
2026-01-16T23:02:05.254Z info: GET /api/products 304 4.260 ms -
2026-01-16T23:02:05.261Z info: ACTION getAllCategories count=0 by=anonymous
2026-01-16T23:02:05.265Z info: GET /api/categories 304 5.202 ms -
2026-01-16T23:02:09.394Z info: ACTION getAllProducts count=0 filter={} by=anonymous
2026-01-16T23:02:09.396Z info: GET /api/products 304 11.227 ms -
2026-01-16T23:02:09.396Z info: ACTION getAllCategories count=0 by=anonymous
2026-01-16T23:02:09.397Z info: GET /api/categories 304 9.567 ms -
2026-01-16T23:02:09.407Z info: ACTION getAllUsers by=1 count=3
2026-01-16T23:02:09.409Z info: GET /api/users 200 16.212 ms -
2026-01-16T23:02:09.410Z info: ACTION getAllProducts count=0 filter={} by=anonymous
2026-01-16T23:02:09.411Z info: GET /api/products 304 8.484 ms -
2026-01-16T23:02:09.412Z info: ACTION getAllCategories count=0 by=anonymous
2026-01-16T23:02:09.413Z info: GET /api/categories 304 8.375 ms -
2026-01-16T23:02:09.414Z error: ReferenceError: logger is not defined
    at getByUser (C:\Users\blachheb\Desktop\Projects\BiscuitImport\BiscuitImport_BK\src\controllers\order.controller.js:48:5)
2026-01-16T23:02:09.415Z info: GET /api/orders 500 16.134 ms -
2026-01-16T23:02:09.422Z info: ACTION getAllUsers by=1 count=3
2026-01-16T23:02:09.424Z info: GET /api/users 304 5.704 ms -
2026-01-16T23:02:09.430Z error: ReferenceError: logger is not defined
    at getByUser (C:\Users\blachheb\Desktop\Projects\BiscuitImport\BiscuitImport_BK\src\controllers\order.controller.js:48:5)
2026-01-16T23:02:09.431Z info: GET /api/orders 500 4.885 ms -
2026-01-16T23:14:35.309Z info: ACTION getAllCategories count=0 by=anonymous
2026-01-16T23:14:35.312Z info: GET /api/categories 304 4.745 ms -
2026-01-16T23:14:35.312Z info: ACTION getAllProducts count=0 filter={} by=anonymous
2026-01-16T23:14:35.314Z info: GET /api/products 304 6.255 ms -
2026-01-16T23:14:35.318Z info: ACTION getAllCategories count=0 by=anonymous
2026-01-16T23:14:35.320Z info: GET /api/categories 304 2.937 ms -
2026-01-16T23:14:35.328Z info: ACTION getAllProducts count=0 filter={} by=anonymous
2026-01-16T23:14:35.330Z info: GET /api/products 304 7.930 ms -
2026-01-16T23:14:51.826Z info: ACTION getHistory count=11 filter={} by=undefined undefined (1)
2026-01-16T23:14:51.829Z info: GET /api/history 304 7.246 ms -
2026-01-16T23:14:51.839Z info: ACTION getHistory count=11 filter={} by=undefined undefined (1)
2026-01-16T23:14:51.841Z info: GET /api/history 304 5.645 ms -
2026-01-16T23:15:11.873Z info: ACTION getAllProducts count=0 filter={} by=anonymous
2026-01-16T23:15:11.875Z info: GET /api/products 304 3.245 ms -
2026-01-16T23:15:11.876Z info: ACTION getAllCategories count=0 by=anonymous
2026-01-16T23:15:11.879Z info: GET /api/categories 304 5.874 ms -
2026-01-16T23:15:11.882Z info: ACTION getAllProducts count=0 filter={} by=anonymous
2026-01-16T23:15:11.883Z info: GET /api/products 304 2.199 ms -
2026-01-16T23:15:11.886Z info: ACTION getAllCategories count=0 by=anonymous
2026-01-16T23:15:11.888Z info: GET /api/categories 304 2.141 ms -
2026-01-16T23:15:17.184Z info: ACTION getAllProducts count=0 filter={} by=anonymous
2026-01-16T23:15:17.185Z info: GET /api/products 304 4.965 ms -
2026-01-16T23:15:17.186Z info: ACTION getAllCategories count=0 by=anonymous
2026-01-16T23:15:17.187Z info: GET /api/categories 304 5.452 ms -
2026-01-16T23:15:17.193Z info: ACTION getAllUsers by=1 count=2
2026-01-16T23:15:17.196Z info: GET /api/users 200 12.791 ms -
2026-01-16T23:15:17.197Z info: ACTION getAllProducts count=0 filter={} by=anonymous
2026-01-16T23:15:17.198Z info: GET /api/products 304 7.021 ms -
2026-01-16T23:15:17.205Z error: ReferenceError: logger is not defined
    at getByUser (C:\Users\blachheb\Desktop\Projects\BiscuitImport\BiscuitImport_BK\src\controllers\order.controller.js:48:5)
2026-01-16T23:15:17.207Z info: GET /api/orders 500 18.535 ms -
2026-01-16T23:15:17.208Z info: ACTION getAllCategories count=0 by=anonymous
2026-01-16T23:15:17.209Z info: GET /api/categories 304 15.950 ms -
2026-01-16T23:15:17.220Z info: ACTION getAllUsers by=1 count=2
2026-01-16T23:15:17.223Z info: GET /api/users 304 7.024 ms -
2026-01-16T23:15:17.232Z error: ReferenceError: logger is not defined
    at getByUser (C:\Users\blachheb\Desktop\Projects\BiscuitImport\BiscuitImport_BK\src\controllers\order.controller.js:48:5)
2026-01-16T23:15:17.235Z info: GET /api/orders 500 9.463 ms -
2026-01-16T23:22:36.038Z info: ACTION getAllProducts count=0 filter={} by=anonymous
2026-01-16T23:22:36.039Z info: GET /api/products 304 2.510 ms -
2026-01-16T23:22:36.040Z info: ACTION getAllCategories count=0 by=anonymous
2026-01-16T23:22:36.041Z info: GET /api/categories 304 3.723 ms -
2026-01-16T23:22:36.045Z info: ACTION getAllProducts count=0 filter={} by=anonymous
2026-01-16T23:22:36.046Z info: GET /api/products 304 2.164 ms -
2026-01-16T23:22:36.047Z info: ACTION getAllCategories count=0 by=anonymous
2026-01-16T23:22:36.048Z info: GET /api/categories 304 2.737 ms -
2026-01-16T23:23:50.408Z info: ACTION getHistory count=11 filter={} by=undefined undefined (1)
2026-01-16T23:23:50.411Z info: GET /api/history 304 6.955 ms -
2026-01-16T23:23:50.431Z info: ACTION getHistory count=11 filter={} by=undefined undefined (1)
2026-01-16T23:23:50.435Z info: GET /api/history 304 15.551 ms -
2026-01-16T23:25:58.620Z info: ACTION getHistory count=11 filter={} by=undefined undefined (1)
2026-01-16T23:25:58.621Z info: GET /api/history 304 6.481 ms -
2026-01-16T23:25:58.634Z info: ACTION getHistory count=11 filter={} by=undefined undefined (1)
2026-01-16T23:25:58.636Z info: GET /api/history 304 8.727 ms -
2026-01-16T23:26:14.224Z info: ACTION getHistory count=11 filter={} by=undefined undefined (1)
2026-01-16T23:26:14.227Z info: GET /api/history 304 7.378 ms -
2026-01-16T23:26:14.247Z info: ACTION getHistory count=11 filter={} by=undefined undefined (1)
2026-01-16T23:26:14.249Z info: GET /api/history 304 12.832 ms -
2026-01-16T23:26:19.735Z info: ACTION getAllProducts count=0 filter={} by=anonymous
2026-01-16T23:26:19.737Z info: GET /api/products 304 7.450 ms -
2026-01-16T23:26:19.737Z info: ACTION getAllCategories count=0 by=anonymous
2026-01-16T23:26:19.739Z info: GET /api/categories 304 6.016 ms -
2026-01-16T23:26:19.744Z info: ACTION getAllProducts count=0 filter={} by=anonymous
2026-01-16T23:26:19.745Z info: GET /api/products 304 4.429 ms -
2026-01-16T23:26:19.746Z info: ACTION getAllCategories count=0 by=anonymous
2026-01-16T23:26:19.747Z info: GET /api/categories 304 2.953 ms -
2026-01-16T23:26:22.202Z info: ACTION getHistory count=11 filter={} by=undefined undefined (1)
2026-01-16T23:26:22.203Z info: GET /api/history 304 4.720 ms -
2026-01-16T23:26:22.212Z info: ACTION getHistory count=11 filter={} by=undefined undefined (1)
2026-01-16T23:26:22.214Z info: GET /api/history 304 7.075 ms -
2026-01-16T23:28:43.419Z info: ACTION getHistory count=11 filter={} by=undefined undefined (1)
2026-01-16T23:28:43.420Z info: GET /api/history 304 3.431 ms -
2026-01-16T23:28:43.429Z info: ACTION getHistory count=11 filter={} by=undefined undefined (1)
2026-01-16T23:28:43.430Z info: GET /api/history 304 4.239 ms -
2026-01-16T23:29:05.737Z info: ACTION getHistory count=11 filter={} by=undefined undefined (1)
2026-01-16T23:29:05.738Z info: GET /api/history 304 4.036 ms -
2026-01-16T23:29:05.748Z info: ACTION getHistory count=11 filter={} by=undefined undefined (1)
2026-01-16T23:29:05.750Z info: GET /api/history 304 5.479 ms -
2026-01-16T23:53:02.363Z info: ACTION getHistory count=11 filter={} by=undefined undefined (1)
2026-01-16T23:53:02.368Z info: GET /api/history 304 13.960 ms -
2026-01-16T23:53:02.391Z info: ACTION getHistory count=11 filter={} by=undefined undefined (1)
2026-01-16T23:53:02.392Z info: GET /api/history 304 15.696 ms -
2026-01-16T23:55:08.864Z info: ACTION getAllCategories count=0 by=anonymous
2026-01-16T23:55:08.869Z info: GET /api/categories 304 9.724 ms -
2026-01-16T23:55:08.870Z info: ACTION getAllProducts count=0 filter={} by=anonymous
2026-01-16T23:55:08.872Z info: GET /api/products 304 10.520 ms -
2026-01-16T23:55:08.878Z info: ACTION getAllCategories count=0 by=anonymous
2026-01-16T23:55:08.881Z info: GET /api/categories 304 5.316 ms -
2026-01-16T23:55:08.883Z info: ACTION getAllProducts count=0 filter={} by=anonymous
2026-01-16T23:55:08.888Z info: GET /api/products 304 9.075 ms -
2026-01-16T23:55:12.682Z info: ACTION getHistory count=11 filter={} by=undefined undefined (1)
2026-01-16T23:55:12.683Z info: GET /api/history 304 6.801 ms -
2026-01-16T23:55:12.693Z info: ACTION getHistory count=11 filter={} by=undefined undefined (1)
2026-01-16T23:55:12.696Z info: GET /api/history 304 6.083 ms -
2026-01-17T00:00:56.217Z info: ACTION getHistory count=11 filter={} by=undefined undefined (1)
2026-01-17T00:00:56.222Z info: GET /api/history 304 9.612 ms -
2026-01-17T00:00:56.238Z info: ACTION getHistory count=11 filter={} by=undefined undefined (1)
2026-01-17T00:00:56.239Z info: GET /api/history 304 9.950 ms -
2026-01-17T00:01:29.647Z info: ACTION getAllProducts count=0 filter={} by=anonymous
2026-01-17T00:01:29.650Z info: GET /api/products 304 4.396 ms -
2026-01-17T00:01:29.654Z info: ACTION getAllCategories count=0 by=anonymous
2026-01-17T00:01:29.656Z info: GET /api/categories 304 2.586 ms -
2026-01-17T00:01:29.668Z info: ACTION getAllProducts count=0 filter={} by=anonymous
2026-01-17T00:01:29.670Z info: GET /api/products 304 3.794 ms -
2026-01-17T00:01:29.671Z info: ACTION getAllCategories count=0 by=anonymous
2026-01-17T00:01:29.673Z info: GET /api/categories 304 5.427 ms -
2026-01-17T00:01:46.968Z info: ACTION getHistory count=11 filter={} by=undefined undefined (1)
2026-01-17T00:01:46.971Z info: GET /api/history 304 8.184 ms -
2026-01-17T00:01:46.983Z info: ACTION getHistory count=11 filter={} by=undefined undefined (1)
2026-01-17T00:01:46.986Z info: GET /api/history 304 7.929 ms -
2026-01-17T00:06:34.433Z info: ACTION getAllProducts count=0 filter={} by=anonymous
2026-01-17T00:06:34.435Z info: GET /api/products 304 3.446 ms -
2026-01-17T00:06:34.440Z info: ACTION getAllCategories count=0 by=anonymous
2026-01-17T00:06:34.443Z info: GET /api/categories 304 2.692 ms -
2026-01-17T00:06:34.472Z info: ACTION getAllProducts count=0 filter={} by=anonymous
2026-01-17T00:06:34.476Z info: GET /api/products 304 6.226 ms -
2026-01-17T00:06:34.477Z info: ACTION getAllCategories count=0 by=anonymous
2026-01-17T00:06:34.479Z info: GET /api/categories 304 7.674 ms -
2026-01-17T00:06:55.045Z info: ACTION getHistory count=11 filter={} by=undefined undefined (1)
2026-01-17T00:06:55.046Z info: GET /api/history 304 9.858 ms -
2026-01-17T00:06:55.054Z info: ACTION getHistory count=11 filter={} by=undefined undefined (1)
2026-01-17T00:06:55.055Z info: GET /api/history 304 4.045 ms -
2026-01-17T00:11:48.077Z info: ACTION getAllProducts count=0 filter={} by=anonymous
2026-01-17T00:11:48.081Z info: GET /api/products 304 5.238 ms -
2026-01-17T00:11:48.082Z info: ACTION getAllCategories count=0 by=anonymous
2026-01-17T00:11:48.084Z info: GET /api/categories 304 6.941 ms -
2026-01-17T00:11:48.095Z info: ACTION getAllProducts count=0 filter={} by=anonymous
2026-01-17T00:11:48.096Z info: GET /api/products 304 8.673 ms -
2026-01-17T00:11:48.097Z info: ACTION getAllCategories count=0 by=anonymous
2026-01-17T00:11:48.099Z info: GET /api/categories 304 4.868 ms -
2026-01-17T00:11:51.980Z info: ACTION getHistory count=11 filter={} by=undefined undefined (1)
2026-01-17T00:11:51.982Z info: GET /api/history 304 4.470 ms -
2026-01-17T00:11:51.991Z info: ACTION getHistory count=11 filter={} by=undefined undefined (1)
2026-01-17T00:11:51.992Z info: GET /api/history 304 4.362 ms -
2026-01-17T00:12:13.239Z info: ACTION getAllProducts count=0 filter={} by=anonymous
2026-01-17T00:12:13.241Z info: GET /api/products 304 3.421 ms -
2026-01-17T00:12:13.248Z info: ACTION getAllCategories count=0 by=anonymous
2026-01-17T00:12:13.252Z info: GET /api/categories 304 11.929 ms -
2026-01-17T00:12:13.258Z info: ACTION getAllProducts count=0 filter={} by=anonymous
2026-01-17T00:12:13.260Z info: GET /api/products 304 5.001 ms -
2026-01-17T00:12:13.262Z info: ACTION getAllCategories count=0 by=anonymous
2026-01-17T00:12:13.267Z info: GET /api/categories 304 5.722 ms -
2026-01-17T00:12:16.290Z info: ACTION getHistory count=11 filter={} by=undefined undefined (1)
2026-01-17T00:12:16.292Z info: GET /api/history 304 5.568 ms -
2026-01-17T00:12:16.302Z info: ACTION getHistory count=11 filter={} by=undefined undefined (1)
2026-01-17T00:12:16.304Z info: GET /api/history 304 6.926 ms -
2026-01-17T00:23:40.084Z info: ACTION getHistory count=11 filter={} by=undefined undefined (1)
2026-01-17T00:23:40.086Z info: GET /api/history 304 8.666 ms -
2026-01-17T00:23:40.100Z info: ACTION getHistory count=11 filter={} by=undefined undefined (1)
2026-01-17T00:23:40.102Z info: GET /api/history 304 8.848 ms -
2026-01-17T01:22:37.263Z info: Server listening on port 3000
2026-01-17T01:22:37.389Z info: Base SQLite connectée avec succès
2026-01-19T14:22:28.534Z info: Server listening on port 3000
2026-01-19T14:22:28.547Z info: Base SQLite connectée avec succès
2026-01-19T15:28:29.746Z error: Error: Invalid credentials
    at Object.login (C:\Users\blachheb\Desktop\Projects\BiscuitImport\BiscuitImport_BK\src\services\auth.service.js:64:17)
    at async login (C:\Users\blachheb\Desktop\Projects\BiscuitImport\BiscuitImport_BK\src\controllers\auth.controller.js:19:18)
2026-01-19T15:28:29.839Z info: POST /auth/login 401 627.360 ms {"email":"ilham","password":"ilham123"}
2026-01-19T15:29:20.446Z info: ACTION login email=b@gmail.com userId=1
2026-01-19T15:29:20.466Z info: POST /auth/login 200 480.317 ms {"email":"b@gmail.com","password":"string"}
2026-01-19T15:29:22.820Z info: ACTION getAllProducts count=0 filter={} by=anonymous
2026-01-19T15:29:22.877Z info: GET /api/products 304 66.449 ms -
2026-01-19T15:29:22.971Z info: ACTION getAllCategories count=0 by=anonymous
2026-01-19T15:29:23.047Z info: GET /api/categories 304 113.517 ms -
2026-01-19T15:29:23.111Z info: ACTION getAllProducts count=0 filter={} by=anonymous
2026-01-19T15:29:23.133Z info: GET /api/products 304 171.079 ms -
2026-01-19T15:29:23.181Z info: ACTION getAllCategories count=0 by=anonymous
2026-01-19T15:29:23.196Z info: GET /api/categories 304 27.577 ms -
2026-01-20T10:28:38.781Z info: Server listening on port 3000
2026-01-20T10:28:38.790Z info: Base SQLite connectée avec succès
2026-01-20T10:28:42.029Z info: ACTION login email=b@gmail.com userId=1
2026-01-20T10:28:42.040Z info: POST /auth/login 200 377.557 ms {"email":"b@gmail.com","password":"string"}
2026-01-20T10:28:43.227Z info: ACTION getAllProducts count=0 filter={} by=anonymous
2026-01-20T10:28:43.229Z info: GET /api/products 304 5.507 ms -
2026-01-20T10:28:43.230Z info: ACTION getAllCategories count=0 by=anonymous
2026-01-20T10:28:43.232Z info: GET /api/categories 304 5.858 ms -
2026-01-20T10:28:43.236Z info: ACTION getAllProducts count=0 filter={} by=anonymous
2026-01-20T10:28:43.237Z info: GET /api/products 304 2.662 ms -
2026-01-20T10:28:43.241Z info: ACTION getAllCategories count=0 by=anonymous
2026-01-20T10:28:43.243Z info: GET /api/categories 304 2.555 ms -
2026-01-20T10:28:56.004Z info: ACTION getAllProducts count=0 filter={} by=anonymous
2026-01-20T10:28:56.006Z info: GET /api/products 304 11.645 ms -
2026-01-20T10:28:56.007Z info: ACTION getAllCategories count=0 by=anonymous
2026-01-20T10:28:56.008Z info: GET /api/categories 304 13.247 ms -
2026-01-20T10:28:56.014Z info: ACTION getAllProducts count=0 filter={} by=anonymous
2026-01-20T10:28:56.016Z info: GET /api/products 304 5.941 ms -
2026-01-20T10:28:56.018Z info: ACTION getAllUsers by=1 count=2
2026-01-20T10:28:56.023Z info: GET /api/users 200 24.843 ms -
2026-01-20T10:28:56.026Z error: ReferenceError: logger is not defined
    at getByUser (C:\Users\blachheb\Desktop\Projects\BiscuitImport\BiscuitImport_BK\src\controllers\order.controller.js:48:5)
2026-01-20T10:28:56.030Z info: GET /api/orders 500 27.966 ms -
2026-01-20T10:28:56.032Z info: ACTION getAllCategories count=0 by=anonymous
2026-01-20T10:28:56.038Z info: GET /api/categories 304 22.055 ms -
2026-01-20T10:28:56.057Z info: ACTION getAllUsers by=1 count=2
2026-01-20T10:28:56.058Z info: GET /api/users 304 14.821 ms -
2026-01-20T10:28:56.060Z error: ReferenceError: logger is not defined
    at getByUser (C:\Users\blachheb\Desktop\Projects\BiscuitImport\BiscuitImport_BK\src\controllers\order.controller.js:48:5)
2026-01-20T10:28:56.063Z info: GET /api/orders 500 10.382 ms -
2026-01-20T10:29:49.002Z info: DB createCategory: name=2E23E actor=1
2026-01-20T10:29:49.050Z info: AUDIT ADD_CATEGORY: id=5 user=1
2026-01-20T10:29:49.051Z info: ACTION createCategory id=5 name=2E23E by=undefined undefined (1)
2026-01-20T10:29:49.055Z info: POST /api/categories 201 58.454 ms {"name":"2E23E","icon":"📦","description":"EZDZED"}
2026-01-20T10:30:25.411Z info: DB createProduct: name=DZDD price=0.2 actor=1
2026-01-20T10:30:25.446Z info: AUDIT ADD_PRODUCT: id=7 user=1
2026-01-20T10:30:25.446Z info: ACTION createProduct id=7 name=DZDD price=0.2 category=null by=undefined undefined (1)
2026-01-20T10:30:25.448Z info: POST /api/products 201 46.814 ms {"name":"DZDD","category":"5","brand":"DEE","price":0.2,"stock":16,"description":"SDSD","image":"ZDZDEDEF"}
2026-01-20T10:39:21.522Z info: DB createCategory: name=dvf actor=1
2026-01-20T10:39:21.563Z info: AUDIT ADD_CATEGORY: id=6 user=1
2026-01-20T10:39:21.564Z info: ACTION createCategory id=6 name=dvf by=undefined undefined (1)
2026-01-20T10:39:21.567Z info: POST /api/categories 201 46.907 ms {"name":"dvf","icon":"📦","description":"fff"}
2026-01-20T10:43:19.348Z info: ACTION getAllProducts count=1 filter={} by=anonymous
2026-01-20T10:43:19.349Z info: GET /api/products 200 2.103 ms -
2026-01-20T10:43:19.350Z info: ACTION getAllCategories count=2 by=anonymous
2026-01-20T10:43:19.352Z info: GET /api/categories 200 1.406 ms -
2026-01-20T10:43:19.359Z error: ReferenceError: logger is not defined
    at getByUser (C:\Users\blachheb\Desktop\Projects\BiscuitImport\BiscuitImport_BK\src\controllers\order.controller.js:48:5)
2026-01-20T10:43:19.360Z info: GET /api/orders 500 5.285 ms -
2026-01-20T10:43:19.360Z info: ACTION getAllUsers by=1 count=2
2026-01-20T10:43:19.362Z info: GET /api/users 304 8.752 ms -
2026-01-20T10:43:21.354Z info: ACTION getAllProducts count=1 filter={} by=anonymous
2026-01-20T10:43:21.355Z info: GET /api/products 304 4.452 ms -
2026-01-20T10:43:21.356Z info: ACTION getAllCategories count=2 by=anonymous
2026-01-20T10:43:21.358Z info: GET /api/categories 304 6.098 ms -
2026-01-20T10:43:21.362Z info: ACTION getAllUsers by=1 count=2
2026-01-20T10:43:21.364Z info: GET /api/users 304 11.200 ms -
2026-01-20T10:43:21.366Z error: ReferenceError: logger is not defined
    at getByUser (C:\Users\blachheb\Desktop\Projects\BiscuitImport\BiscuitImport_BK\src\controllers\order.controller.js:48:5)
2026-01-20T10:43:21.367Z info: GET /api/orders 500 8.355 ms -
2026-01-20T10:48:49.934Z info: ACTION getAllProducts count=1 filter={} by=anonymous
2026-01-20T10:48:49.935Z info: GET /api/products 304 13.311 ms -
2026-01-20T10:48:49.936Z info: ACTION getAllCategories count=2 by=anonymous
2026-01-20T10:48:49.937Z info: GET /api/categories 200 3.612 ms -
2026-01-20T10:48:49.940Z info: ACTION getAllUsers by=1 count=2
2026-01-20T10:48:49.941Z info: GET /api/users 304 11.521 ms -
2026-01-20T10:48:49.942Z error: ReferenceError: logger is not defined
    at getByUser (C:\Users\blachheb\Desktop\Projects\BiscuitImport\BiscuitImport_BK\src\controllers\order.controller.js:48:5)
2026-01-20T10:48:49.944Z info: GET /api/orders 500 17.623 ms -
2026-01-20T10:48:49.946Z info: ACTION getAllProducts count=1 filter={} by=anonymous
2026-01-20T10:48:49.951Z info: GET /api/products 304 10.979 ms -
2026-01-20T10:48:49.964Z info: ACTION getAllCategories count=2 by=anonymous
2026-01-20T10:48:49.969Z info: GET /api/categories 304 12.864 ms -
2026-01-20T10:48:49.984Z info: ACTION getAllUsers by=1 count=2
2026-01-20T10:48:49.986Z info: GET /api/users 304 29.163 ms -
2026-01-20T10:48:49.988Z error: ReferenceError: logger is not defined
    at getByUser (C:\Users\blachheb\Desktop\Projects\BiscuitImport\BiscuitImport_BK\src\controllers\order.controller.js:48:5)
2026-01-20T10:48:49.990Z info: GET /api/orders 500 17.895 ms -
2026-01-20T10:50:08.639Z info: ACTION getAllProducts count=1 filter={} by=anonymous
2026-01-20T10:50:08.640Z info: GET /api/products 304 2.501 ms -
2026-01-20T10:50:08.644Z info: ACTION getAllCategories count=2 by=anonymous
2026-01-20T10:50:08.644Z info: GET /api/categories 304 6.368 ms -
2026-01-20T10:50:08.647Z error: ReferenceError: logger is not defined
    at getByUser (C:\Users\blachheb\Desktop\Projects\BiscuitImport\BiscuitImport_BK\src\controllers\order.controller.js:48:5)
2026-01-20T10:50:08.648Z info: GET /api/orders 500 5.977 ms -
2026-01-20T10:50:08.662Z info: ACTION getAllUsers by=1 count=2
2026-01-20T10:50:08.667Z info: GET /api/users 304 24.797 ms -
2026-01-20T10:50:08.669Z info: ACTION getAllProducts count=1 filter={} by=anonymous
2026-01-20T10:50:08.671Z info: GET /api/products 304 17.681 ms -
2026-01-20T10:50:08.673Z info: ACTION getAllCategories count=2 by=anonymous
2026-01-20T10:50:08.679Z info: GET /api/categories 304 23.487 ms -
2026-01-20T10:50:08.704Z info: ACTION getAllUsers by=1 count=2
2026-01-20T10:50:08.706Z info: GET /api/users 304 22.821 ms -
2026-01-20T10:50:08.713Z error: ReferenceError: logger is not defined
    at getByUser (C:\Users\blachheb\Desktop\Projects\BiscuitImport\BiscuitImport_BK\src\controllers\order.controller.js:48:5)
2026-01-20T10:50:08.717Z info: GET /api/orders 500 27.904 ms -
2026-01-20T10:50:48.360Z info: ACTION getAllProducts count=1 filter={} by=anonymous
2026-01-20T10:50:48.361Z info: GET /api/products 304 5.579 ms -
2026-01-20T10:50:48.367Z info: ACTION getAllCategories count=2 by=anonymous
2026-01-20T10:50:48.368Z info: GET /api/categories 304 9.546 ms -
2026-01-20T10:50:48.370Z error: ReferenceError: logger is not defined
    at getByUser (C:\Users\blachheb\Desktop\Projects\BiscuitImport\BiscuitImport_BK\src\controllers\order.controller.js:48:5)
2026-01-20T10:50:48.372Z info: GET /api/orders 500 6.877 ms -
2026-01-20T10:50:48.375Z info: ACTION getAllUsers by=1 count=2
2026-01-20T10:50:48.379Z info: GET /api/users 304 15.988 ms -
2026-01-20T13:28:41.519Z info: Server listening on port 3000
2026-01-20T13:28:41.537Z info: Base SQLite connectée avec succès
2026-01-20T13:31:07.618Z info: Server listening on port 3000
2026-01-20T13:31:07.644Z info: Base SQLite connectée avec succès
2026-01-20T13:31:07.797Z info: GET /api-docs 301 3.107 ms -
2026-01-20T13:31:07.820Z info: GET /api-docs/ 304 3.914 ms -
2026-01-20T13:31:07.871Z info: GET /api-docs/swagger-ui-init.js 304 0.846 ms -
2026-01-20T13:31:07.884Z info: GET /api-docs/swagger-ui.css 200 10.436 ms -
2026-01-20T13:31:07.890Z info: GET /api-docs/swagger-ui-standalone-preset.js 200 10.626 ms -
2026-01-20T13:31:07.902Z info: GET /api-docs/swagger-ui-bundle.js 200 12.951 ms -
2026-01-20T13:31:08.222Z info: GET /api-docs/favicon-32x32.png 200 4.114 ms -
2026-01-20T13:31:09.461Z info: GET /api-docs/ 304 2.608 ms -
2026-01-20T13:31:09.521Z info: GET /api-docs/swagger-ui-init.js 304 0.783 ms -
2026-01-20T13:31:09.525Z info: GET /api-docs/swagger-ui.css 304 13.268 ms -
2026-01-20T13:31:09.529Z info: GET /api-docs/swagger-ui-bundle.js 304 13.342 ms -
2026-01-20T13:31:09.533Z info: GET /api-docs/swagger-ui-standalone-preset.js 304 14.833 ms -
2026-01-20T13:31:09.734Z info: GET /api-docs/favicon-32x32.png 304 0.815 ms -
2026-01-20T13:31:10.685Z info: GET /api-docs/ 304 2.196 ms -
2026-01-20T13:31:10.758Z info: GET /api-docs/swagger-ui-init.js 304 1.148 ms -
2026-01-20T13:31:10.761Z info: GET /api-docs/swagger-ui.css 304 7.048 ms -
2026-01-20T13:31:10.764Z info: GET /api-docs/swagger-ui-bundle.js 304 9.032 ms -
2026-01-20T13:31:10.768Z info: GET /api-docs/swagger-ui-standalone-preset.js 304 10.993 ms -
2026-01-20T13:31:10.942Z info: GET /api-docs/favicon-32x32.png 304 0.577 ms -
2026-01-20T13:31:11.909Z info: GET /api-docs/ 304 1.755 ms -
2026-01-20T13:31:11.960Z info: GET /api-docs/swagger-ui.css 304 6.557 ms -
2026-01-20T13:31:11.964Z info: GET /api-docs/swagger-ui-bundle.js 304 8.602 ms -
2026-01-20T13:31:11.968Z info: GET /api-docs/swagger-ui-init.js 304 1.301 ms -
2026-01-20T13:31:11.973Z info: GET /api-docs/swagger-ui-standalone-preset.js 304 13.885 ms -
2026-01-20T13:31:12.146Z info: GET /api-docs/favicon-32x32.png 304 0.984 ms -
2026-01-20T13:39:19.713Z info: GET /api-docs/ 304 1.869 ms -
2026-01-20T13:39:19.760Z info: GET /api-docs/swagger-ui.css 304 2.246 ms -
2026-01-20T13:39:19.767Z info: GET /api-docs/swagger-ui-bundle.js 304 2.566 ms -
2026-01-20T13:39:19.770Z info: GET /api-docs/swagger-ui-standalone-preset.js 304 4.286 ms -
2026-01-20T13:39:19.773Z info: GET /api-docs/swagger-ui-init.js 304 0.767 ms -
2026-01-20T13:39:19.962Z info: GET /api-docs/favicon-32x32.png 304 0.712 ms -
2026-01-20T13:39:24.138Z info: GET /api-docs/ 304 1.016 ms -
2026-01-20T13:39:24.178Z info: GET /api-docs/swagger-ui-init.js 304 0.375 ms -
2026-01-20T13:39:24.182Z info: GET /api-docs/swagger-ui.css 304 5.242 ms -
2026-01-20T13:39:24.185Z info: GET /api-docs/swagger-ui-bundle.js 304 7.221 ms -
2026-01-20T13:39:24.187Z info: GET /api-docs/swagger-ui-standalone-preset.js 304 7.423 ms -
2026-01-20T13:39:24.328Z info: GET /api-docs/favicon-32x32.png 304 0.744 ms -
2026-01-20T13:39:35.538Z info: Server listening on port 3000
2026-01-20T13:39:35.552Z info: Base SQLite connectée avec succès
2026-01-20T13:39:42.246Z info: GET /api-docs/ 304 7.839 ms -
2026-01-20T13:39:42.295Z info: GET /api-docs/swagger-ui.css 304 6.291 ms -
2026-01-20T13:39:42.299Z info: GET /api-docs/swagger-ui-bundle.js 304 6.914 ms -
2026-01-20T13:39:42.307Z info: GET /api-docs/swagger-ui-init.js 200 1.180 ms -
2026-01-20T13:39:42.314Z info: GET /api-docs/swagger-ui-standalone-preset.js 304 10.718 ms -
2026-01-20T13:39:42.532Z info: GET /api-docs/favicon-32x32.png 304 0.774 ms -
2026-01-20T13:45:58.168Z info: Server listening on port 3000
2026-01-20T13:45:58.176Z info: Base SQLite connectée avec succès
2026-01-20T13:46:02.946Z info: GET /api-docs/ 304 7.941 ms -
2026-01-20T13:46:02.991Z info: GET /api-docs/swagger-ui.css 304 5.857 ms -
2026-01-20T13:46:02.994Z info: GET /api-docs/swagger-ui-bundle.js 304 6.640 ms -
2026-01-20T13:46:02.996Z info: GET /api-docs/swagger-ui-init.js 304 0.482 ms -
2026-01-20T13:46:02.999Z info: GET /api-docs/swagger-ui-standalone-preset.js 304 3.305 ms -
2026-01-20T13:46:03.396Z info: GET /api-docs/favicon-32x32.png 304 0.656 ms -
2026-01-20T13:46:12.830Z info: GET /api-docs/ 304 1.932 ms -
2026-01-20T13:46:12.889Z info: GET /api-docs/swagger-ui.css 304 4.183 ms -
2026-01-20T13:46:12.899Z info: GET /api-docs/swagger-ui-init.js 304 0.627 ms -
2026-01-20T13:46:12.903Z info: GET /api-docs/swagger-ui-bundle.js 304 9.909 ms -
2026-01-20T13:46:12.906Z info: GET /api-docs/swagger-ui-standalone-preset.js 304 10.770 ms -
2026-01-20T13:46:13.062Z info: GET /api-docs/favicon-32x32.png 304 0.887 ms -
2026-01-20T13:48:53.542Z info: POST /api/flavors 401 146.508 ms {"id":0,"name":"string","description":"string","color":"string","image":"string"}
2026-01-20T13:53:00.831Z info: ACTION login email=b@gmail.com userId=1
2026-01-20T13:53:00.833Z info: POST /auth/login 200 112.002 ms {"email":"b@gmail.com","password":"string"}
2026-01-20T13:54:06.252Z error: ERROR createFlavor: Cannot read properties of undefined (reading 'image')
2026-01-20T13:54:06.255Z error: TypeError: Cannot read properties of undefined (reading 'image')
    at create (C:\Users\blachheb\Desktop\Projects\BiscuitImport\BiscuitImport_BK\src\controllers\flavor.controller.js:65:64)
    at Layer.handleRequest (C:\Users\blachheb\Desktop\Projects\BiscuitImport\BiscuitImport_BK\node_modules\router\lib\layer.js:152:17)
    at next (C:\Users\blachheb\Desktop\Projects\BiscuitImport\BiscuitImport_BK\node_modules\router\lib\route.js:157:13)
    at multerMiddleware (C:\Users\blachheb\Desktop\Projects\BiscuitImport\BiscuitImport_BK\node_modules\multer\lib\make-middleware.js:19:41)
    at Layer.handleRequest (C:\Users\blachheb\Desktop\Projects\BiscuitImport\BiscuitImport_BK\node_modules\router\lib\layer.js:152:17)
    at next (C:\Users\blachheb\Desktop\Projects\BiscuitImport\BiscuitImport_BK\node_modules\router\lib\route.js:157:13)
    at module.exports (C:\Users\blachheb\Desktop\Projects\BiscuitImport\BiscuitImport_BK\src\middlewares\auth.middleware.js:17:5)
2026-01-20T13:54:06.257Z info: POST /api/flavors?name=postman 500 12.020 ms -
2026-01-20T13:55:19.435Z error: ERROR createFlavor: Cannot read properties of undefined (reading 'image')
2026-01-20T13:55:19.437Z error: TypeError: Cannot read properties of undefined (reading 'image')
    at create (C:\Users\blachheb\Desktop\Projects\BiscuitImport\BiscuitImport_BK\src\controllers\flavor.controller.js:65:64)
    at Layer.handleRequest (C:\Users\blachheb\Desktop\Projects\BiscuitImport\BiscuitImport_BK\node_modules\router\lib\layer.js:152:17)
    at next (C:\Users\blachheb\Desktop\Projects\BiscuitImport\BiscuitImport_BK\node_modules\router\lib\route.js:157:13)
    at multerMiddleware (C:\Users\blachheb\Desktop\Projects\BiscuitImport\BiscuitImport_BK\node_modules\multer\lib\make-middleware.js:19:41)
    at Layer.handleRequest (C:\Users\blachheb\Desktop\Projects\BiscuitImport\BiscuitImport_BK\node_modules\router\lib\layer.js:152:17)
    at next (C:\Users\blachheb\Desktop\Projects\BiscuitImport\BiscuitImport_BK\node_modules\router\lib\route.js:157:13)
    at module.exports (C:\Users\blachheb\Desktop\Projects\BiscuitImport\BiscuitImport_BK\src\middlewares\auth.middleware.js:17:5)
2026-01-20T13:55:19.439Z info: POST /api/flavors?name=postman&image=https://www.bigfootdigital.co.uk/how-to-optimise-images 500 7.966 ms -
2026-01-20T13:58:42.190Z info: DB createFlavor: name=postman actor=1
2026-01-20T13:58:42.220Z info: AUDIT ADD_FLAVOR: id=1 user=1
2026-01-20T13:58:42.221Z info: ACTION createFlavor id=1 name=postman by=undefined undefined (1)
2026-01-20T13:58:42.226Z info: POST /api/flavors?name=postman&image 201 62.701 ms {"name":"postman"}
2026-01-20T14:00:01.048Z info: DB createFlavor: name=postman actor=1
2026-01-20T14:00:01.070Z info: AUDIT ADD_FLAVOR: id=2 user=1
2026-01-20T14:00:01.082Z info: ACTION createFlavor id=2 name=postman by=undefined undefined (1)
2026-01-20T14:00:01.086Z info: POST /api/flavors?name=postman&image 201 39.709 ms {"name":"postman","image":"https://www.bigfootdigital.co.uk/how-to-optimise-images"}
2026-01-20T14:00:22.738Z info: DB createFlavor: name=postman actor=1
2026-01-20T14:00:22.762Z info: AUDIT ADD_FLAVOR: id=3 user=1
2026-01-20T14:00:22.763Z info: ACTION createFlavor id=3 name=postman by=undefined undefined (1)
2026-01-20T14:00:22.764Z info: POST /api/flavors?name=postman&image 201 31.817 ms {"name":"postman","image":"https://www.bigfootdigital.co.uk/how-to-optimise-images","description":"ffff","color":"ffcolor"}
2026-01-20T14:02:44.805Z info: DB createFlavor: name=postman actor=1
2026-01-20T14:02:44.834Z info: AUDIT ADD_FLAVOR: id=4 user=1
2026-01-20T14:02:44.836Z info: ACTION createFlavor id=4 name=postman by=undefined undefined (1)
2026-01-20T14:02:44.839Z info: POST /api/flavors?name=postman&image 201 39.842 ms {"name":"postman","image":"https://www.bigfootdigital.co.uk/how-to-optimise-images"}
2026-01-20T14:02:52.441Z info: Server listening on port 3000
2026-01-20T14:02:52.464Z info: Base SQLite connectée avec succès
2026-01-20T14:02:59.249Z error: ERROR createFlavor: Description is required
2026-01-20T14:02:59.250Z error: Error: Description is required
    at Object.createFlavor (C:\Users\blachheb\Desktop\Projects\BiscuitImport\BiscuitImport_BK\src\services\flavor.service.js:12:17)
    at create (C:\Users\blachheb\Desktop\Projects\BiscuitImport\BiscuitImport_BK\src\controllers\flavor.controller.js:68:36)
    at Layer.handleRequest (C:\Users\blachheb\Desktop\Projects\BiscuitImport\BiscuitImport_BK\node_modules\router\lib\layer.js:152:17)
    at next (C:\Users\blachheb\Desktop\Projects\BiscuitImport\BiscuitImport_BK\node_modules\router\lib\route.js:157:13)
    at done (C:\Users\blachheb\Desktop\Projects\BiscuitImport\BiscuitImport_BK\node_modules\multer\lib\make-middleware.js:59:7)
    at indicateDone (C:\Users\blachheb\Desktop\Projects\BiscuitImport\BiscuitImport_BK\node_modules\multer\lib\make-middleware.js:63:68)
    at Multipart.<anonymous> (C:\Users\blachheb\Desktop\Projects\BiscuitImport\BiscuitImport_BK\node_modules\multer\lib\make-middleware.js:187:7)
    at Multipart.emit (node:events:524:28)
    at emitCloseNT (node:internal/streams/destroy:147:10)
    at process.processTicksAndRejections (node:internal/process/task_queues:81:21)
2026-01-20T14:02:59.258Z info: POST /api/flavors?name=postman&image 500 37.953 ms {"name":"postman","image":"https://www.bigfootdigital.co.uk/how-to-optimise-images"}
2026-01-20T14:06:34.577Z info: Server listening on port 3000
2026-01-20T14:06:34.588Z info: Base SQLite connectée avec succès
2026-01-20T14:06:54.953Z info: DB createFlavor: name=postman actor=1
2026-01-20T14:06:54.984Z info: AUDIT ADD_FLAVOR: id=5 user=1
2026-01-20T14:06:54.985Z info: ACTION createFlavor id=5 name=postman by=user_id=1
2026-01-20T14:06:55.000Z info: POST /api/flavors?name=postman&image 201 50.934 ms {"name":"postman","image":"https://www.bigfootdigital.co.uk/how-to-optimise-images","description":"ffff","color":"ffcolor"}
2026-01-20T14:14:22.870Z info: Server listening on port 3000
2026-01-20T14:14:22.889Z info: Base SQLite connectée avec succès
2026-01-20T14:16:04.635Z info: GET /api-docs 301 3.601 ms -
2026-01-20T14:16:04.641Z info: GET /api-docs/ 200 4.490 ms -
2026-01-20T14:16:04.802Z info: GET /api-docs/swagger-ui-init.js 200 1.103 ms -
2026-01-20T14:16:04.812Z info: GET /api-docs/swagger-ui.css 200 17.108 ms -
2026-01-20T14:16:04.824Z info: GET /api-docs/swagger-ui-standalone-preset.js 200 23.917 ms -
2026-01-20T14:16:04.874Z info: GET /api-docs/swagger-ui-bundle.js 200 57.355 ms -
2026-01-20T14:30:18.469Z info: ACTION login email=b@gmail.com userId=1
2026-01-20T14:30:18.472Z info: POST /auth/login 200 219.673 ms {"email":"b@gmail.com","password":"string"}
2026-01-20T14:30:19.613Z info: ACTION getAllCategories count=2 by=anonymous
2026-01-20T14:30:19.615Z info: GET /api/categories 200 6.347 ms -
2026-01-20T14:30:19.616Z info: ACTION getAllProducts count=1 filter={} by=anonymous
2026-01-20T14:30:19.618Z info: GET /api/products 200 6.781 ms -
2026-01-20T14:30:19.627Z info: ACTION getAllCategories count=2 by=anonymous
2026-01-20T14:30:19.633Z info: GET /api/categories 304 9.662 ms -
2026-01-20T14:30:19.636Z info: ACTION getAllProducts count=1 filter={} by=anonymous
2026-01-20T14:30:19.638Z info: GET /api/products 304 2.827 ms -
2026-01-20T14:30:29.263Z info: ACTION login email=b@gmail.com userId=1
2026-01-20T14:30:29.268Z info: POST /auth/login 200 142.234 ms {"email":"b@gmail.com","password":"string"}
2026-01-20T14:30:30.469Z info: ACTION getAllProducts count=1 filter={} by=anonymous
2026-01-20T14:30:30.472Z info: GET /api/products 304 3.498 ms -
2026-01-20T14:30:30.481Z info: ACTION getAllCategories count=2 by=anonymous
2026-01-20T14:30:30.483Z info: GET /api/categories 304 2.831 ms -
2026-01-20T14:30:30.486Z info: ACTION getAllProducts count=1 filter={} by=anonymous
2026-01-20T14:30:30.489Z info: GET /api/products 304 3.404 ms -
2026-01-20T14:30:30.494Z info: ACTION getAllCategories count=2 by=anonymous
2026-01-20T14:30:30.497Z info: GET /api/categories 304 4.863 ms -
2026-01-20T14:30:34.034Z info: ACTION getAllProducts count=1 filter={} by=anonymous
2026-01-20T14:30:34.037Z info: GET /api/products 304 15.816 ms -
2026-01-20T14:30:34.038Z info: ACTION getAllCategories count=2 by=anonymous
2026-01-20T14:30:34.041Z info: GET /api/categories 304 31.607 ms -
2026-01-20T14:30:34.070Z info: ACTION getAllProducts count=1 filter={} by=anonymous
2026-01-20T14:30:34.072Z info: GET /api/products 304 15.069 ms -
2026-01-20T14:30:34.074Z info: ACTION getAllUsers by=1 count=2
2026-01-20T14:30:34.083Z info: GET /api/users 200 33.540 ms -
2026-01-20T14:30:34.086Z info: ACTION getAllCategories count=2 by=anonymous
2026-01-20T14:30:34.089Z info: GET /api/categories 304 19.444 ms -
2026-01-20T14:30:34.092Z error: ReferenceError: logger is not defined
    at getByUser (C:\Users\blachheb\Desktop\Projects\BiscuitImport\BiscuitImport_BK\src\controllers\order.controller.js:48:5)
2026-01-20T14:30:34.102Z info: GET /api/orders 500 41.747 ms -
2026-01-20T14:30:34.116Z info: ACTION getAllUsers by=1 count=2
2026-01-20T14:30:34.121Z info: GET /api/users 304 10.353 ms -
2026-01-20T14:30:34.134Z error: ReferenceError: logger is not defined
    at getByUser (C:\Users\blachheb\Desktop\Projects\BiscuitImport\BiscuitImport_BK\src\controllers\order.controller.js:48:5)
2026-01-20T14:30:34.138Z info: GET /api/orders 500 9.653 ms -
2026-01-20T14:30:51.115Z info: DB createProduct: name=edefr price=0.12 actor=1
2026-01-20T14:30:51.139Z info: AUDIT ADD_PRODUCT: id=8 user=1
2026-01-20T14:30:51.139Z info: ACTION createProduct id=8 name=edefr price=0.12 category=null by=user_id=1
2026-01-20T14:30:51.141Z info: POST /api/products 201 28.089 ms {"name":"edefr","category":"6","brand":"efr","price":0.12,"stock":8,"description":"fcdcf","image":"ddfdf"}
2026-01-20T14:31:11.374Z info: ACTION login email=b@gmail.com userId=1
2026-01-20T14:31:11.376Z info: POST /auth/login 200 131.692 ms {"email":"b@gmail.com","password":"string"}
2026-01-20T14:31:12.456Z info: ACTION getAllProducts count=2 filter={} by=anonymous
2026-01-20T14:31:12.459Z info: GET /api/products 200 2.577 ms -
2026-01-20T14:31:12.468Z info: ACTION getAllCategories count=2 by=anonymous
2026-01-20T14:31:12.470Z info: GET /api/categories 304 3.289 ms -
2026-01-20T14:31:12.478Z info: ACTION getAllProducts count=2 filter={} by=anonymous
2026-01-20T14:31:12.480Z info: GET /api/products 304 5.484 ms -
2026-01-20T14:31:12.481Z info: ACTION getAllCategories count=2 by=anonymous
2026-01-20T14:31:12.484Z info: GET /api/categories 304 6.798 ms -
2026-01-20T14:31:36.785Z info: DB createCategory: name=scdc actor=1
2026-01-20T14:31:36.825Z info: AUDIT ADD_CATEGORY: id=7 user=1
2026-01-20T14:31:36.826Z info: ACTION createCategory id=7 name=scdc by=user_id=1
2026-01-20T14:31:36.828Z info: POST /api/categories 201 47.825 ms {"name":"scdc","icon":"📦","description":"cscd"}
2026-01-20T14:32:53.441Z info: ACTION getAllProducts count=2 filter={} by=anonymous
2026-01-20T14:32:53.443Z info: GET /api/products 304 11.975 ms -
2026-01-20T14:32:53.446Z info: ACTION getAllCategories count=3 by=anonymous
2026-01-20T14:32:53.448Z info: GET /api/categories 200 11.161 ms -
2026-01-20T14:32:53.453Z info: ACTION getAllUsers by=1 count=2
2026-01-20T14:32:53.455Z info: GET /api/users 200 22.042 ms -
2026-01-20T14:32:53.457Z error: ReferenceError: logger is not defined
    at getByUser (C:\Users\blachheb\Desktop\Projects\BiscuitImport\BiscuitImport_BK\src\controllers\order.controller.js:48:5)
2026-01-20T14:32:53.460Z info: GET /api/orders 500 22.130 ms -
2026-01-20T14:32:53.461Z info: ACTION getAllProducts count=2 filter={} by=anonymous
2026-01-20T14:32:53.464Z info: GET /api/products 304 11.475 ms -
2026-01-20T14:32:53.473Z info: ACTION getAllCategories count=3 by=anonymous
2026-01-20T14:32:53.476Z info: GET /api/categories 304 8.918 ms -
2026-01-20T14:32:53.482Z info: ACTION getAllUsers by=1 count=2
2026-01-20T14:32:53.483Z info: GET /api/users 304 14.989 ms -
2026-01-20T14:32:53.486Z error: ReferenceError: logger is not defined
    at getByUser (C:\Users\blachheb\Desktop\Projects\BiscuitImport\BiscuitImport_BK\src\controllers\order.controller.js:48:5)
2026-01-20T14:32:53.488Z info: GET /api/orders 500 8.910 ms -
2026-01-20T14:34:31.611Z info: ACTION login email=b@gmail.com userId=1
2026-01-20T14:34:31.613Z info: POST /auth/login 200 97.251 ms {"email":"b@gmail.com","password":"string"}
2026-01-20T14:34:32.702Z info: ACTION getAllProducts count=2 filter={} by=anonymous
2026-01-20T14:34:32.705Z info: GET /api/products 304 4.622 ms -
2026-01-20T14:34:32.707Z info: ACTION getAllCategories count=3 by=anonymous
2026-01-20T14:34:32.710Z info: GET /api/categories 304 7.423 ms -
2026-01-20T14:34:32.715Z info: ACTION getAllProducts count=2 filter={} by=anonymous
2026-01-20T14:34:32.717Z info: GET /api/products 304 3.574 ms -
2026-01-20T14:34:32.724Z info: ACTION getAllCategories count=3 by=anonymous
2026-01-20T14:34:32.727Z info: GET /api/categories 304 11.279 ms -
2026-01-20T14:34:35.891Z info: ACTION getAllProducts count=2 filter={} by=anonymous
2026-01-20T14:34:35.894Z info: GET /api/products 304 15.916 ms -
2026-01-20T14:34:35.896Z info: ACTION getAllCategories count=3 by=anonymous
2026-01-20T14:34:35.897Z info: GET /api/categories 304 17.621 ms -
2026-01-20T14:34:35.915Z info: ACTION getAllProducts count=2 filter={} by=anonymous
2026-01-20T14:34:35.916Z info: GET /api/products 304 6.332 ms -
2026-01-20T14:34:35.917Z info: ACTION getAllCategories count=3 by=anonymous
2026-01-20T14:34:35.922Z info: GET /api/categories 304 6.661 ms -
2026-01-20T14:34:35.924Z info: ACTION getAllUsers by=1 count=2
2026-01-20T14:34:35.928Z info: GET /api/users 200 26.337 ms -
2026-01-20T14:34:35.929Z error: ReferenceError: logger is not defined
    at getByUser (C:\Users\blachheb\Desktop\Projects\BiscuitImport\BiscuitImport_BK\src\controllers\order.controller.js:48:5)
2026-01-20T14:34:35.932Z info: GET /api/orders 500 24.977 ms -
2026-01-20T14:34:35.949Z info: ACTION getAllUsers by=1 count=2
2026-01-20T14:34:35.950Z info: GET /api/users 304 13.147 ms -
2026-01-20T14:34:35.951Z error: ReferenceError: logger is not defined
    at getByUser (C:\Users\blachheb\Desktop\Projects\BiscuitImport\BiscuitImport_BK\src\controllers\order.controller.js:48:5)
2026-01-20T14:34:35.952Z info: GET /api/orders 500 7.908 ms -
2026-01-20T14:39:48.807Z error: Error: Missing required fields
    at Object.register (C:\Users\blachheb\Desktop\Projects\BiscuitImport\BiscuitImport_BK\src\services\auth.service.js:17:17)
    at register (C:\Users\blachheb\Desktop\Projects\BiscuitImport\BiscuitImport_BK\src\controllers\auth.controller.js:7:36)
    at Layer.handleRequest (C:\Users\blachheb\Desktop\Projects\BiscuitImport\BiscuitImport_BK\node_modules\router\lib\layer.js:152:17)
    at next (C:\Users\blachheb\Desktop\Projects\BiscuitImport\BiscuitImport_BK\node_modules\router\lib\route.js:157:13)
    at Route.dispatch (C:\Users\blachheb\Desktop\Projects\BiscuitImport\BiscuitImport_BK\node_modules\router\lib\route.js:117:3)
    at handle (C:\Users\blachheb\Desktop\Projects\BiscuitImport\BiscuitImport_BK\node_modules\router\index.js:435:11)
    at Layer.handleRequest (C:\Users\blachheb\Desktop\Projects\BiscuitImport\BiscuitImport_BK\node_modules\router\lib\layer.js:152:17)
    at C:\Users\blachheb\Desktop\Projects\BiscuitImport\BiscuitImport_BK\node_modules\router\index.js:295:15
    at processParams (C:\Users\blachheb\Desktop\Projects\BiscuitImport\BiscuitImport_BK\node_modules\router\index.js:582:12)
    at next (C:\Users\blachheb\Desktop\Projects\BiscuitImport\BiscuitImport_BK\node_modules\router\index.js:291:5)
2026-01-20T14:39:48.810Z info: POST /auth/register 400 5.191 ms {"name":"rfrg","email":"grgg@gmail.com","role":"Admin","password":"cdrcrfvfvfv"}
2026-01-20T15:04:10.152Z info: Server listening on port 3000
2026-01-20T15:04:10.173Z info: Base SQLite connectée avec succès
2026-01-20T15:04:10.283Z info: GET /api-docs/ 304 10.460 ms -
2026-01-20T15:04:10.365Z info: GET /api-docs/swagger-ui-bundle.js 304 6.755 ms -
2026-01-20T15:04:10.367Z info: GET /api-docs/swagger-ui.css 304 6.258 ms -
2026-01-20T15:04:10.373Z info: GET /api-docs/swagger-ui-init.js 200 1.162 ms -
2026-01-20T15:04:10.377Z info: GET /api-docs/swagger-ui-standalone-preset.js 304 6.862 ms -
2026-01-20T15:04:10.841Z info: GET /api-docs/favicon-32x32.png 304 1.557 ms -
2026-01-20T15:04:33.553Z info: ACTION login email=b@gmail.com userId=1
2026-01-20T15:04:33.560Z info: POST /auth/login 200 244.123 ms {"email":"b@gmail.com","password":"string"}
2026-01-20T15:04:34.652Z info: ACTION getAllProducts count=2 filter={} by=anonymous
2026-01-20T15:04:34.654Z info: GET /api/products 304 11.575 ms -
2026-01-20T15:04:34.658Z info: ACTION getAllCategories count=3 by=anonymous
2026-01-20T15:04:34.662Z info: GET /api/categories 304 10.730 ms -
2026-01-20T15:04:34.665Z info: ACTION getAllProducts count=2 filter={} by=anonymous
2026-01-20T15:04:34.668Z info: GET /api/products 304 2.895 ms -
2026-01-20T15:04:34.671Z info: ACTION getAllCategories count=3 by=anonymous
2026-01-20T15:04:34.674Z info: GET /api/categories 304 2.119 ms -
2026-01-20T15:05:07.211Z info: GET /api-docs/ 304 1.648 ms -
2026-01-20T15:05:07.273Z info: GET /api-docs/swagger-ui.css 304 2.688 ms -
2026-01-20T15:05:07.280Z info: GET /api-docs/swagger-ui-init.js 304 1.113 ms -
2026-01-20T15:05:07.285Z info: GET /api-docs/swagger-ui-bundle.js 304 2.278 ms -
2026-01-20T15:05:07.289Z info: GET /api-docs/swagger-ui-standalone-preset.js 304 4.041 ms -
2026-01-20T15:05:07.469Z info: GET /api-docs/favicon-32x32.png 304 1.006 ms -
2026-01-20T15:05:09.341Z info: GET /api-docs/ 304 1.816 ms -
2026-01-20T15:05:09.406Z info: GET /api-docs/swagger-ui-init.js 304 0.546 ms -
2026-01-20T15:05:09.407Z info: GET /api-docs/swagger-ui.css 304 4.876 ms -
2026-01-20T15:05:09.408Z info: GET /api-docs/swagger-ui-bundle.js 304 4.790 ms -
2026-01-20T15:05:09.410Z info: GET /api-docs/swagger-ui-standalone-preset.js 304 5.760 ms -
2026-01-20T15:05:09.528Z info: GET /api-docs/favicon-32x32.png 304 0.554 ms -
2026-01-20T15:06:56.107Z info: GET /api-docs/ 304 2.559 ms -
2026-01-20T15:06:56.155Z info: GET /api-docs/swagger-ui.css 304 2.343 ms -
2026-01-20T15:06:56.163Z info: GET /api-docs/swagger-ui-init.js 304 0.565 ms -
2026-01-20T15:06:56.165Z info: GET /api-docs/swagger-ui-bundle.js 304 4.384 ms -
2026-01-20T15:06:56.167Z info: GET /api-docs/swagger-ui-standalone-preset.js 304 5.267 ms -
2026-01-20T15:06:56.314Z info: GET /api-docs/favicon-32x32.png 304 0.706 ms -
2026-01-20T15:07:16.532Z info: GET /api-docs/ 304 1.847 ms -
2026-01-20T15:07:16.605Z info: GET /api-docs/swagger-ui.css 304 1.465 ms -
2026-01-20T15:07:16.614Z info: GET /api-docs/swagger-ui-bundle.js 304 1.181 ms -
2026-01-20T15:07:16.628Z info: GET /api-docs/swagger-ui-init.js 304 0.578 ms -
2026-01-20T15:07:16.638Z info: GET /api-docs/swagger-ui-standalone-preset.js 304 16.674 ms -
2026-01-20T15:07:16.790Z info: GET /api-docs/favicon-32x32.png 304 1.719 ms -
2026-01-20T15:07:35.861Z info: GET /api-docs/ 304 1.818 ms -
2026-01-20T15:07:35.900Z info: GET /api-docs/swagger-ui.css 304 2.044 ms -
2026-01-20T15:07:35.904Z info: GET /api-docs/swagger-ui-bundle.js 304 1.149 ms -
2026-01-20T15:07:35.908Z info: GET /api-docs/swagger-ui-init.js 304 0.502 ms -
2026-01-20T15:07:35.910Z info: GET /api-docs/swagger-ui-standalone-preset.js 304 3.481 ms -
2026-01-20T15:07:36.062Z info: GET /api-docs/favicon-32x32.png 304 0.729 ms -
2026-01-20T15:07:51.835Z info: Server listening on port 3000
2026-01-20T15:07:51.849Z info: Base SQLite connectée avec succès
2026-01-20T15:07:58.906Z info: GET /api-docs/ 304 7.828 ms -
2026-01-20T15:07:58.969Z info: GET /api-docs/swagger-ui.css 304 7.316 ms -
2026-01-20T15:07:58.979Z info: GET /api-docs/swagger-ui-init.js 304 1.918 ms -
2026-01-20T15:07:58.981Z info: GET /api-docs/swagger-ui-bundle.js 304 9.273 ms -
2026-01-20T15:07:58.992Z info: GET /api-docs/swagger-ui-standalone-preset.js 304 17.193 ms -
2026-01-20T15:07:59.173Z info: GET /api-docs/favicon-32x32.png 304 0.798 ms -
2026-01-20T15:08:00.576Z info: GET /api-docs/ 304 2.302 ms -
2026-01-20T15:08:00.631Z info: GET /api-docs/swagger-ui-init.js 304 0.251 ms -
2026-01-20T15:08:00.634Z info: GET /api-docs/swagger-ui.css 304 5.165 ms -
2026-01-20T15:08:00.638Z info: GET /api-docs/swagger-ui-bundle.js 304 7.489 ms -
2026-01-20T15:08:00.643Z info: GET /api-docs/swagger-ui-standalone-preset.js 304 11.872 ms -
2026-01-20T15:08:00.790Z info: GET /api-docs/favicon-32x32.png 304 0.630 ms -
2026-01-20T15:08:03.244Z info: GET /api-docs/ 304 1.058 ms -
2026-01-20T15:08:03.293Z info: GET /api-docs/swagger-ui-init.js 304 0.942 ms -
2026-01-20T15:08:03.295Z info: GET /api-docs/swagger-ui.css 304 8.303 ms -
2026-01-20T15:08:03.299Z info: GET /api-docs/swagger-ui-bundle.js 304 11.664 ms -
2026-01-20T15:08:03.305Z info: GET /api-docs/swagger-ui-standalone-preset.js 304 14.347 ms -
